key	datasetKey	publishingOrgKey	installationKey	hostingOrganizationKey	publishingCountry	protocol	lastCrawled	lastParsed	crawlId	extensions	basisOfRecord	individualCount	occurrenceStatus	sex	taxonKey	kingdomKey	phylumKey	classKey	orderKey	familyKey	genusKey	speciesKey	acceptedTaxonKey	scientificName	acceptedScientificName	kingdom	phylum	order	family	genus	species	genericName	specificEpithet	taxonRank	taxonomicStatus	iucnRedListCategory	decimalLatitude	decimalLongitude	continent	gadm	year	month	day	eventDate	startDayOfYear	endDayOfYear	issues	lastInterpreted	references	license	isSequenced	identifiers	media	facts	relations	isInCluster	geodeticDatum	class	countryCode	recordedByIDs	identifiedByIDs	gbifRegion	country	publishedByGbifRegion	identifier	combinationAuthors	verbatimScientificName	gbifID	occurrenceID	http://unknown.org/verbatimLabel	taxonID	combinationYear	canonicalName	elevation	recordedBy	institutionCode	locality	networkKeys	depth	modified	institutionKey	collectionKey	identifiedBy	catalogNumber	fieldNumber	verbatimLocality	collectionCode	collectionID	coordinatePrecision	coordinateUncertaintyInMeters	stateProvince	waterBody	higherGeography	georeferencedBy	typeStatus	typifiedName	preparations	samplingProtocol	rightsHolder	institutionID	nomenclaturalCode	verbatimEventDate	georeferenceProtocol	dynamicProperties	georeferenceVerificationStatus	footprintWKT	georeferenceRemarks	verbatimCoordinateSystem	disposition	footprintSRS	ownerInstitutionCode	occurrenceRemarks	higherClassification	georeferenceSources	distanceFromCentroidInMeters	datasetID	eventID	originalNameUsage	county	identificationVerificationStatus	nameAccordingTo	associatedReferences	http://unknown.org/orders	http://unknown.org/language	associatedSequences	taxonConceptID	verbatimIdentification
4012366335	c70e23de-1f95-46fb-899b-9754b6145d52	7ce8aef0-9e92-11dc-8738-b8a03c50a862	7ce8aef1-9e92-11dc-8740-b8a03c50a999	7ce8aef0-9e92-11dc-8738-b8a03c50a862	CH	DWC_ARCHIVE	2024-07-19T16:27:31.836+00:00	2024-07-19T16:28:52.703+00:00	84	{}	MATERIAL_CITATION	1.0	PRESENT	FEMALE	2117381	1	54	354	9477065	6316	2117290	2117381	2117381	Anoplodactylus quadratispinosus Hedgpeth, 1943	Anoplodactylus quadratispinosus Hedgpeth, 1943	Animalia	Arthropoda	Pantopoda	Phoxichilidiidae	Anoplodactylus	Anoplodactylus quadratispinosus	Anoplodactylus	quadratispinosus	SPECIES	ACCEPTED	NE	14.466666	-61.001667	NORTH_AMERICA	{}	2016.0	9.0	26.0	2016-09-26	270.0	270.0	['GEODETIC_DATUM_ASSUMED_WGS84', 'COUNTRY_DERIVED_FROM_COORDINATES', 'CONTINENT_DERIVED_FROM_COORDINATES', 'TAXON_MATCH_TAXON_ID_IGNORED', 'OCCURRENCE_STATUS_INFERRED_FROM_INDIVIDUAL_COUNT']	2024-07-19T16:28:52.703+00:00	https://treatment.plazi.org/id/03A95E063E7DFFD3FE12003803D5BACB#3B68E54D3E7DFFD3FDF601CB03FBBB7F	http://creativecommons.org/publicdomain/zero/1.0/legalcode	False	[{'identifier': '03A95E063E7DFFD3FE12003803D5BACB.mc.3B68E54D3E7DFFD3FDF601CB03FBBB7F'}]	[]	[]	[]	True	WGS84	Pycnogonida	MQ	[]	[]	LATIN_AMERICA	Martinique	EUROPE	03A95E063E7DFFD3FE12003803D5BACB.mc.3B68E54D3E7DFFD3FDF601CB03FBBB7F	Hedgpeth	Anoplodactylus quadratispinosus Hedgpeth, 1943	4012366335	03A95E063E7DFFD3FE12003803D5BACB.mc.3B68E54D3E7DFFD3FDF601CB03FBBB7F	1 ♀; Grande Anse du Diamant; 14 ° 28 ʹ N, 61 ° 00.1 ʹ W; depth 12 m; 26 Sep. 2016; st. AB 360; MNHN-IU- 2016 - 1220.	03A95E063E7DFFD3FE12003803D5BACB.taxon	1943	Anoplodactylus quadratispinosus																																																						
4012366606	c70e23de-1f95-46fb-899b-9754b6145d52	7ce8aef0-9e92-11dc-8738-b8a03c50a862	7ce8aef1-9e92-11dc-8740-b8a03c50a999	7ce8aef0-9e92-11dc-8738-b8a03c50a862	CH	DWC_ARCHIVE	2024-07-19T16:27:31.836+00:00	2024-07-19T16:28:54.048+00:00	84	{}	MATERIAL_CITATION	1.0	PRESENT	MALE	2117381	1	54	354	9477065	6316	2117290	2117381	2117381	Anoplodactylus quadratispinosus Hedgpeth, 1943	Anoplodactylus quadratispinosus Hedgpeth, 1943	Animalia	Arthropoda	Pantopoda	Phoxichilidiidae	Anoplodactylus	Anoplodactylus quadratispinosus	Anoplodactylus	quadratispinosus	SPECIES	ACCEPTED	NE	14.616667	-60.825	NORTH_AMERICA	{}	2016.0	9.0	17.0	2016-09-17	261.0	261.0	['GEODETIC_DATUM_ASSUMED_WGS84', 'CONTINENT_DERIVED_FROM_COORDINATES', 'TAXON_MATCH_TAXON_ID_IGNORED', 'OCCURRENCE_STATUS_INFERRED_FROM_INDIVIDUAL_COUNT', 'INSTITUTION_MATCH_NONE']	2024-07-19T16:28:54.048+00:00	https://treatment.plazi.org/id/03A95E063E7DFFD3FE12003803D5BACB#3B68E54D3E7DFFD3FF4001EE0096BCA0	http://creativecommons.org/publicdomain/zero/1.0/legalcode	False	[{'identifier': '03A95E063E7DFFD3FE12003803D5BACB.mc.3B68E54D3E7DFFD3FF4001EE0096BCA0'}]	[]	[]	[]	False	WGS84	Pycnogonida	MQ	[]	[]	LATIN_AMERICA	Martinique	EUROPE	03A95E063E7DFFD3FE12003803D5BACB.mc.3B68E54D3E7DFFD3FF4001EE0096BCA0	Hedgpeth	Anoplodactylus quadratispinosus Hedgpeth, 1943	4012366606	03A95E063E7DFFD3FE12003803D5BACB.mc.3B68E54D3E7DFFD3FF4001EE0096BCA0	MARTINIQUE • 1 ♂; Le François; 14 ° 37 ʹ N, 60 ° 49.5 ʹ W; depth 1 m; 17 Sep. 2016; st. AB 134; MNHN- IU- 2016 - 1143 / MK 411063	03A95E063E7DFFD3FE12003803D5BACB.taxon	1943	Anoplodactylus quadratispinosus	1.0	Le Francois	MNHN-	MARTINIQUE																																																		
1945782357	da6a07ed-9eee-460d-9448-910f542c1a7b	2cd829bb-b713-433d-99cf-64bef11e5b3e	86c2834b-fcd6-418d-9b32-aca45110a0fe	2cd829bb-b713-433d-99cf-64bef11e5b3e	FR	EML	2024-07-24T12:23:52.237+00:00	2024-07-24T12:24:53.535+00:00	564	{'http://rs.tdwg.org/dwc/terms/Identification': [{'http://rs.tdwg.org/dwc/terms/namePublishedInYear': '1943', 'http://rs.tdwg.org/dwc/terms/order': 'Pantopoda', 'http://rs.tdwg.org/dwc/terms/higherClassification': 'Anoplodactylus;Phoxichilidiidae;Pantopoda;Arthropoda', 'http://rs.tdwg.org/dwc/terms/scientificNameAuthorship': 'Hedgpeth, 1943', 'http://rs.tdwg.org/dwc/terms/class': 'Pycnogonida', 'http://rs.tdwg.org/dwc/terms/identificationID': 'INVMAR|414400', 'http://rs.tdwg.org/dwc/terms/family': 'Phoxichilidiidae', 'http://rs.tdwg.org/dwc/terms/genus': 'Anoplodactylus', 'http://rs.tdwg.org/dwc/terms/specificEpithet': 'quadratispinosus', 'http://rs.tdwg.org/dwc/terms/identificationVerificationStatus': '1', 'http://rs.tdwg.org/dwc/terms/taxonID': 'INVMAR|52201', 'http://rs.tdwg.org/dwc/terms/identifiedBy': 'Sabroux R.', 'http://rs.tdwg.org/dwc/terms/phylum': 'Arthropoda', 'http://rs.tdwg.org/dwc/terms/scientificName': 'Anoplodactylus quadratispinosus Hedgpeth, 1943'}]}	PRESERVED_SPECIMEN	1.0	PRESENT		2117381	1	54	354	9477065	6316	2117290	2117381	2117381	Anoplodactylus quadratispinosus Hedgpeth, 1943	Anoplodactylus quadratispinosus Hedgpeth, 1943	Animalia	Arthropoda	Pantopoda	Phoxichilidiidae	Anoplodactylus	Anoplodactylus quadratispinosus	Anoplodactylus	quadratispinosus	SPECIES	ACCEPTED	NE	14.616111	-60.824999	NORTH_AMERICA	{}	2016.0	9.0	17.0	2016-09-17	261.0	261.0	['GEODETIC_DATUM_ASSUMED_WGS84', 'CONTINENT_DERIVED_FROM_COORDINATES', 'OCCURRENCE_STATUS_INFERRED_FROM_INDIVIDUAL_COUNT', 'INSTITUTION_MATCH_FUZZY']	2024-07-24T12:24:53.535+00:00		http://creativecommons.org/licenses/by/4.0/legalcode	False	[{'identifier': 'http://coldb.mnhn.fr/catalognumber/mnhn/iu/2016-1143'}]	[]	[]	[]	True	WGS84	Pycnogonida	MQ	[]	[]	LATIN_AMERICA	Martinique	EUROPE	http://coldb.mnhn.fr/catalognumber/mnhn/iu/2016-1143			1945782357	http://coldb.mnhn.fr/catalognumber/mnhn/iu/2016-1143							MNHN	Le François	['17abcf75-2f1e-46dd-bf75-a5b21dd02655']	1.0	2015-06-19T19:23:01.000+00:00	6a6ac6c5-1b8a-48db-91a2-f8661274ff80	0641bf3b-29ad-42c9-b3c7-ffb5a76f6954	Sabroux R.	2016-1143	MADIBENTHOS/AB134	Caye Pinsonnelle	IU	10.15468/qgvvhd																																							
1945782495	da6a07ed-9eee-460d-9448-910f542c1a7b	2cd829bb-b713-433d-99cf-64bef11e5b3e	86c2834b-fcd6-418d-9b32-aca45110a0fe	2cd829bb-b713-433d-99cf-64bef11e5b3e	FR	EML	2024-07-24T12:23:52.237+00:00	2024-07-24T12:24:51.119+00:00	564	{'http://rs.tdwg.org/dwc/terms/Identification': [{'http://rs.tdwg.org/dwc/terms/namePublishedInYear': '1943', 'http://rs.tdwg.org/dwc/terms/order': 'Pantopoda', 'http://rs.tdwg.org/dwc/terms/higherClassification': 'Anoplodactylus;Phoxichilidiidae;Pantopoda;Arthropoda', 'http://rs.tdwg.org/dwc/terms/scientificNameAuthorship': 'Hedgpeth, 1943', 'http://rs.tdwg.org/dwc/terms/class': 'Pycnogonida', 'http://rs.tdwg.org/dwc/terms/identificationID': 'INVMAR|414477', 'http://rs.tdwg.org/dwc/terms/family': 'Phoxichilidiidae', 'http://rs.tdwg.org/dwc/terms/genus': 'Anoplodactylus', 'http://rs.tdwg.org/dwc/terms/specificEpithet': 'quadratispinosus', 'http://rs.tdwg.org/dwc/terms/identificationVerificationStatus': '1', 'http://rs.tdwg.org/dwc/terms/taxonID': 'INVMAR|52201', 'http://rs.tdwg.org/dwc/terms/identifiedBy': 'Sabroux R.', 'http://rs.tdwg.org/dwc/terms/phylum': 'Arthropoda', 'http://rs.tdwg.org/dwc/terms/scientificName': 'Anoplodactylus quadratispinosus Hedgpeth, 1943'}]}	PRESERVED_SPECIMEN	1.0	PRESENT		2117381	1	54	354	9477065	6316	2117290	2117381	2117381	Anoplodactylus quadratispinosus Hedgpeth, 1943	Anoplodactylus quadratispinosus Hedgpeth, 1943	Animalia	Arthropoda	Pantopoda	Phoxichilidiidae	Anoplodactylus	Anoplodactylus quadratispinosus	Anoplodactylus	quadratispinosus	SPECIES	ACCEPTED	NE	14.467222	-61.0025	NORTH_AMERICA	{}	2016.0	9.0	26.0	2016-09-26	270.0	270.0	['GEODETIC_DATUM_ASSUMED_WGS84', 'CONTINENT_DERIVED_FROM_COORDINATES', 'OCCURRENCE_STATUS_INFERRED_FROM_INDIVIDUAL_COUNT', 'INSTITUTION_MATCH_FUZZY']	2024-07-24T12:24:51.119+00:00		http://creativecommons.org/licenses/by/4.0/legalcode	False	[{'identifier': 'http://coldb.mnhn.fr/catalognumber/mnhn/iu/2016-1220'}]	[]	[]	[]	True	WGS84	Pycnogonida	MQ	[]	[]	LATIN_AMERICA	Martinique	EUROPE	http://coldb.mnhn.fr/catalognumber/mnhn/iu/2016-1220			1945782495	http://coldb.mnhn.fr/catalognumber/mnhn/iu/2016-1220							MNHN	Grande anse du Diamant	['17abcf75-2f1e-46dd-bf75-a5b21dd02655']	12.0	2018-11-26T12:12:01.000+00:00	6a6ac6c5-1b8a-48db-91a2-f8661274ff80	0641bf3b-29ad-42c9-b3c7-ffb5a76f6954	Sabroux R.	2016-1220	MADIBENTHOS/AB360	O'Mullane - S Grand Pointe	IU	10.15468/qgvvhd																																							
895363658	4bfac3ea-8763-4f4b-a71a-76a6f5f243d3	b4640710-8e03-11d8-b956-b8a03c50a862	b0f5183c-5ed0-47f4-b75f-65e0c1036cb5	b4640710-8e03-11d8-b956-b8a03c50a862	US	EML	2024-07-23T23:29:02.101+00:00	2024-07-24T00:28:57.997+00:00	602	{'http://rs.tdwg.org/ac/terms/Multimedia': [{'http://iptc.org/std/Iptc4xmpExt/2008-02-29/WorldRegion': 'Atlantic Ocean', 'http://rs.tdwg.org/ac/terms/associatedSpecimenReference': 'http://mczbase.mcz.harvard.edu/guid/MCZ:IZ:CRU-12259', 'http://purl.org/dc/terms/description': 'Digital photograph of preserved specimen.', 'http://rs.tdwg.org/ac/terms/serviceExpectation': 'online', 'http://purl.org/dc/terms/rights': 'http://creativecommons.org/licences/by-nc-sa/3.0/legalcode', 'http://rs.tdwg.org/ac/terms/accessURI': 'https://iiif.mcz.harvard.edu/iiif/3/3862354/full/max/0/default.jpg', 'http://ns.adobe.com/photoshop/1.0/Credit': 'Museum of Comparative Zoology, Harvard University', 'http://purl.org/dc/elements/1.1/format': 'image/jpeg', 'http://ns.adobe.com/exif/1.0/PixelXDimension': '1000', 'http://purl.org/dc/terms/type': 'http://purl.org/dc/dcmitype/StillImage', 'http://purl.org/dc/elements/1.1/type': 'StillImage', 'http://rs.tdwg.org/ac/terms/providerLiteral': 'Museum of Comparative Zoology, Harvard University', 'http://purl.org/dc/terms/modified': '2024-03-19', 'http://rs.tdwg.org/dwc/terms/scientificName': 'Anoplodactylus quadratispinosus', 'http://rs.tdwg.org/ac/terms/variantLiteral': 'Best Quality', 'http://purl.org/dc/elements/1.1/rights': 'http://creativecommons.org/licences/by-nc-sa/4.0/legalcode', 'http://ns.adobe.com/xap/1.0/rights/Owner': '© President and Fellows of Harvard College', 'http://purl.org/dc/terms/title': 'MCZ:IZ:CRU-12259 Anoplodactylus quadratispinosus', 'http://ns.adobe.com/xap/1.0/rights/WebStatement': 'http://creativecommons.org/licences/by-nc-sa/4.0/', 'http://ns.adobe.com/exif/1.0/PixelYDimension': '750', 'http://iptc.org/std/Iptc4xmpExt/2008-02-29/CountryName': 'United States', 'http://rs.tdwg.org/ac/terms/metadataProviderLiteral': 'Museum of Comparative Zoology, Harvard University', 'http://ns.adobe.com/xap/1.0/rights/UsageTerms': 'Available under Creative Commons Attribution Share Alike Non Commerical (CC-BY-NC-SA 4.0) license', 'http://rs.tdwg.org/ac/terms/metadataLanguage': 'en', 'http://iptc.org/std/Iptc4xmpExt/2008-02-29/ProvinceState': 'Florida', 'http://rs.tdwg.org/ac/terms/variant': 'ac:BestQuality', 'http://purl.org/dc/terms/identifier': 'http://mczbase.mcz.harvard.edu/media/3862354'}, {'http://iptc.org/std/Iptc4xmpExt/2008-02-29/WorldRegion': 'Atlantic Ocean', 'http://rs.tdwg.org/ac/terms/associatedSpecimenReference': 'http://mczbase.mcz.harvard.edu/guid/MCZ:IZ:CRU-12259', 'http://purl.org/dc/terms/description': 'Digital photograph of preserved specimen.', 'http://rs.tdwg.org/ac/terms/serviceExpectation': 'online', 'http://purl.org/dc/terms/rights': 'http://creativecommons.org/licences/by-nc-sa/3.0/legalcode', 'http://rs.tdwg.org/ac/terms/accessURI': 'https://iiif.mcz.harvard.edu/iiif/3/3862355/full/max/0/default.jpg', 'http://ns.adobe.com/photoshop/1.0/Credit': 'Museum of Comparative Zoology, Harvard University', 'http://purl.org/dc/elements/1.1/format': 'image/jpeg', 'http://ns.adobe.com/exif/1.0/PixelXDimension': '1000', 'http://purl.org/dc/terms/type': 'http://purl.org/dc/dcmitype/StillImage', 'http://purl.org/dc/elements/1.1/type': 'StillImage', 'http://rs.tdwg.org/ac/terms/providerLiteral': 'Museum of Comparative Zoology, Harvard University', 'http://purl.org/dc/terms/modified': '2024-03-19', 'http://rs.tdwg.org/dwc/terms/scientificName': 'Anoplodactylus quadratispinosus', 'http://rs.tdwg.org/ac/terms/variantLiteral': 'Best Quality', 'http://purl.org/dc/elements/1.1/rights': 'http://creativecommons.org/licences/by-nc-sa/4.0/legalcode', 'http://ns.adobe.com/xap/1.0/rights/Owner': '© President and Fellows of Harvard College', 'http://purl.org/dc/terms/title': 'MCZ:IZ:CRU-12259 Anoplodactylus quadratispinosus', 'http://ns.adobe.com/xap/1.0/rights/WebStatement': 'http://creativecommons.org/licences/by-nc-sa/4.0/', 'http://ns.adobe.com/exif/1.0/PixelYDimension': '750', 'http://iptc.org/std/Iptc4xmpExt/2008-02-29/CountryName': 'United States', 'http://rs.tdwg.org/ac/terms/metadataProviderLiteral': 'Museum of Comparative Zoology, Harvard University', 'http://ns.adobe.com/xap/1.0/rights/UsageTerms': 'Available under Creative Commons Attribution Share Alike Non Commerical (CC-BY-NC-SA 4.0) license', 'http://rs.tdwg.org/ac/terms/metadataLanguage': 'en', 'http://iptc.org/std/Iptc4xmpExt/2008-02-29/ProvinceState': 'Florida', 'http://rs.tdwg.org/ac/terms/variant': 'ac:BestQuality', 'http://purl.org/dc/terms/identifier': 'http://mczbase.mcz.harvard.edu/media/3862355'}], 'http://rs.tdwg.org/dwc/terms/Identification': [{'http://rs.tdwg.org/dwc/terms/identificationVerificationStatus': 'type ID', 'http://rs.tdwg.org/dwc/terms/identificationID': '1613001', 'http://rs.tdwg.org/dwc/terms/identifiedBy': 'Joel Walker Hedgpeth', 'http://rs.tdwg.org/dwc/terms/scientificName': 'Anoplodactylus quadratispinosus'}, {'http://rs.tdwg.org/dwc/terms/identificationReferences': 'Hedgpeth, J. W. 1943. Reports on the Scientific Results of the Atlantis Expeditions to the West Indies Under the Joint Auspices of the University of Havana and Harvard University.  Proceedings of the New England Zoölogical Club 22:44–57.', 'http://rs.tdwg.org/dwc/terms/typeStatus': 'Holotype', 'http://rs.tdwg.org/dwc/terms/dateIdentified': '1943', 'http://rs.tdwg.org/dwc/terms/identificationVerificationStatus': 'Type Publication', 'http://rs.tdwg.org/dwc/terms/scientificNameAuthorship': 'Hedgpeth, 1943', 'http://rs.tdwg.org/dwc/terms/identificationID': '705432935083284973Holotype', 'http://rs.tdwg.org/dwc/terms/identifiedBy': 'Hedgpeth, 1943', 'http://rs.tdwg.org/dwc/terms/phylum': 'Arthropoda', 'http://rs.tdwg.org/dwc/terms/scientificName': 'Anoplodactylus quadratispinosus'}]}	PRESERVED_SPECIMEN	1.0	PRESENT	MALE	2117381	1	54	354	9477065	6316	2117290	2117381	2117381	Anoplodactylus quadratispinosus Hedgpeth, 1943	Anoplodactylus quadratispinosus Hedgpeth, 1943	Animalia	Arthropoda	Pantopoda	Phoxichilidiidae	Anoplodactylus	Anoplodactylus quadratispinosus	Anoplodactylus	quadratispinosus	SPECIES	ACCEPTED	NE	24.5557	-81.78259	NORTH_AMERICA	{'level0': {'gid': 'USA', 'name': 'United States'}, 'level1': {'gid': 'USA.10_1', 'name': 'Florida'}, 'level2': {'gid': 'USA.10.44_1', 'name': 'Monroe'}}	1869.0			1869			['CONTINENT_DERIVED_FROM_COORDINATES', 'RECORDED_DATE_MISMATCH', 'INSTITUTION_MATCH_FUZZY', 'COLLECTION_MATCH_FUZZY']	2024-07-24T00:28:57.997+00:00	http://mczbase.mcz.harvard.edu/guid/MCZ:IZ:CRU-12259	http://creativecommons.org/licenses/by-nc/4.0/legalcode	False	[{'identifier': 'MCZ:IZ:CRU-12259'}]	[{'type': 'StillImage', 'format': 'image/jpeg', 'title': 'MCZ:IZ:CRU-12259 Anoplodactylus quadratispinosus', 'description': 'Digital photograph of preserved specimen.', 'publisher': 'Museum of Comparative Zoology, Harvard University', 'license': 'http://creativecommons.org/licenses/by-nc-sa/3.0/', 'rightsHolder': '© President and Fellows of Harvard College', 'identifier': 'https://iiif.mcz.harvard.edu/iiif/3/3862354/full/max/0/default.jpg'}, {'type': 'StillImage', 'format': 'image/jpeg', 'title': 'MCZ:IZ:CRU-12259 Anoplodactylus quadratispinosus', 'description': 'Digital photograph of preserved specimen.', 'publisher': 'Museum of Comparative Zoology, Harvard University', 'license': 'http://creativecommons.org/licenses/by-nc-sa/3.0/', 'rightsHolder': '© President and Fellows of Harvard College', 'identifier': 'https://iiif.mcz.harvard.edu/iiif/3/3862355/full/max/0/default.jpg'}]	[]	[]	True	WGS84	Pycnogonida	US	[]	[{'type': 'OTHER', 'value': 'http://viaf.org/viaf/59165466'}]	NORTH_AMERICA	United States of America	NORTH_AMERICA	MCZ:IZ:CRU-12259			895363658	MCZ:IZ:CRU-12259						Louis F. Pourtales	MCZ	Key West	['99d66b6c-9087-452f-a9d4-f15f2c2d0e7e']		2024-03-27T16:19:27.000+00:00	1cfca87c-083e-4d67-8e60-cb7d311f6058	6c118641-5b0b-4577-a8f6-a6dbd15de2e7	Joel Walker Hedgpeth	CRU-12259		Florida, near channel to Key West	IZ		1e-05	4169.0	Florida	Atlantic, Western Central	Atlantic Ocean: Atlantic, Western Central: United States: Florida	Penny Benson	HOLOTYPE	Anoplodactylus quadratispinosus	whole animal (70% ethanol); tissue (95% ethanol)	Dredged	President and Fellows of Harvard College	b4640710-8e03-11d8-b956-b8a03c50a862	ICZN	1869	GEOLocate	"{""associated grant"":""Preserving the genomes of the type specimens in the MCZ (CSBR)"", ""part of group"":""Preserving the Genomes of the Type Specimens in the MCZ (CSBR)"", ""sex"":""male""}"	verified by MCZ collection	POLYGON ((-81.77189 24.58523,-81.77163 24.58487,-81.77159 24.58498,-81.7715 24.58505,-81.77144 24.58508,-81.77133 24.58511,-81.77111 24.58511,-81.7688 24.58505,-81.76682 24.5848,-81.76653 24.58469,-81.76651 24.58464,-81.76623 24.58405,-81.766 24.58382,-81.76592 24.5836,-81.7659 24.58333,-81.76594 24.58306,-81.76607 24.58277,-81.76635 24.58253,-81.76811 24.58196,-81.76845 24.58155,-81.76867 24.58106,-81.7697 24.58088,-81.77065 24.57984,-81.77141 24.5789,-81.77157 24.57879,-81.7715 24.57878,-81.77142 24.57878,-81.77126 24.5789,-81.77056 24.57964,-81.77031 24.5798,-81.76959 24.58048,-81.76915 24.58054,-81.769 24.58057,-81.76893 24.58058,-81.76871 24.58051,-81.76849 24.58031,-81.76833 24.58011,-81.76819 24.57979,-81.76821 24.57949,-81.7684 24.57922,-81.77099 24.57653,-81.77297 24.57466,-81.77391 24.57388,-81.77406 24.57376,-81.77423 24.57351,-81.77424 24.5735,-81.77422 24.57334,-81.77404 24.57309,-81.77361 24.57273,-81.77234 24.57131,-81.77194 24.57087,-81.77113 24.57004,-81.77085 24.56977,-81.77053 24.56968,-81.7699 24.56957,-81.7689 24.56925,-81.76878 24.56915,-81.76857 24.56898,-81.76835 24.56896,-81.76802 24.56909,-81.76782 24.5692,-81.76723 24.56953,-81.76583 24.57031,-81.7628 24.57177,-81.76204 24.57207,-81.76171 24.57223,-81.76002 24.57234,-81.75786 24.57242,-81.75737 24.57244,-81.75708 24.57245,-81.75518 24.57243,-81.7547 24.57235,-81.75413 24.57212,-81.75366 24.57188,-81.75333 24.57181,-81.75253 24.572,-81.75085 24.57256,-81.75075 24.57254,-81.75067 24.57239,-81.75009 24.5709,-81.75012 24.5706,-81.75011 24.57053,-81.75009 24.57045,-81.75004 24.57033,-81.75004 24.57031,-81.7499 24.56991,-81.74985 24.5698,-81.74981 24.56969,-81.74961 24.56945,-81.7496 24.56924,-81.74962 24.569,-81.74967 24.56877,-81.74973 24.56852,-81.74979 24.56795,-81.74996 24.56722,-81.74985 24.56716,-81.74989 24.56706,-81.74987 24.56689,-81.74989 24.56681,-81.7501 24.56682,-81.75012 24.56671,-81.75007 24.5666,-81.75012 24.56645,-81.75029 24.56644,-81.75052 24.56643,-81.75062 24.56627,-81.75091 24.56605,-81.75066 24.56548,-81.75045 24.56492,-81.75027 24.56451,-81.75008 24.56408,-81.74996 24.56388,-81.74989 24.56391,-81.74986 24.56395,-81.74974 24.56381,-81.74983 24.56368,-81.7499 24.56366,-81.74987 24.56356,-81.74984 24.56349,-81.74977 24.56331,-81.74881 24.56109,-81.74847 24.56017,-81.74832 24.55925,-81.74819 24.55829,-81.74798 24.55643,-81.74789 24.55582,-81.74792 24.55566,-81.74794 24.55563,-81.74803 24.55543,-81.74836 24.55502,-81.74845 24.55493,-81.7487 24.55469,-81.74933 24.55405,-81.74949 24.55388,-81.75004 24.5535,-81.75136 24.55272,-81.75209 24.55235,-81.75407 24.55177,-81.75454 24.55169,-81.75511 24.55168,-81.75815 24.55194,-81.76115 24.55205,-81.76426 24.5522,-81.76545 24.5522,-81.7661 24.55213,-81.76632 24.55211,-81.76721 24.55193,-81.77005 24.55131,-81.77303 24.5506,-81.77326 24.55053,-81.77499 24.54998,-81.776 24.54996,-81.77721 24.55001,-81.77781 24.54992,-81.77889 24.54958,-81.78174 24.5489,-81.78319 24.54836,-81.78367 24.54811,-81.78433 24.54777,-81.7844 24.54759,-81.78435 24.5474,-81.78423 24.54724,-81.7833 24.54591,-81.78301 24.54551,-81.78297 24.54539,-81.78297 24.54529,-81.78304 24.54521,-81.78317 24.54514,-81.78334 24.54507,-81.78347 24.54505,-81.78354 24.54507,-81.78375 24.54528,-81.78378 24.54538,-81.78377 24.54545,-81.78369 24.54557,-81.78368 24.54564,-81.78368 24.54569,-81.78399 24.5461,-81.78461 24.54674,-81.78484 24.54686,-81.78486 24.54687,-81.78842 24.54682,-81.7886 24.54682,-81.78976 24.5468,-81.79181 24.54697,-81.79247 24.54697,-81.79277 24.54697,-81.79334 24.54697,-81.79377 24.54681,-81.79413 24.54668,-81.79441 24.54658,-81.79475 24.54663,-81.79527 24.54672,-81.79581 24.5467,-81.79603 24.54659,-81.79639 24.54641,-81.79709 24.54636,-81.79757 24.54633,-81.79777 24.54633,-81.79899 24.54628,-81.80051 24.54594,-81.80212 24.54542,-81.80261 24.54516,-81.80291 24.54497,-81.80303 24.54489,-81.80312 24.54465,-81.80359 24.54438,-81.80386 24.54416,-81.8039 24.54412,-81.8044 24.54398,-81.80473 24.54394,-81.80492 24.54396,-81.80519 24.54407,-81.80552 24.54421,-81.80591 24.54451,-81.80602 24.54457,-81.80622 24.54468,-81.80665 24.54493,-81.80696 24.54502,-81.80778 24.54511,-81.80934 24.54509,-81.81008 24.54509,-81.81086 24.54509,-81.81152 24.54505,-81.81188 24.5451,-81.81225 24.54526,-81.81238 24.54537,-81.81241 24.54543,-81.81244 24.54627,-81.81232 24.54726,-81.812 24.54886,-81.81178 24.54965,-81.8117 24.54978,-81.81164 24.54984,-81.81157 24.5499,-81.81151 24.55008,-81.8115 24.5503,-81.8116 24.55075,-81.81155 24.55149,-81.81154 24.55167,-81.81114 24.55408,-81.81095 24.55453,-81.8106 24.55513,-81.81045 24.55526,-81.81025 24.55538,-81.8102 24.55541,-81.80999 24.55545,-81.8099 24.55546,-81.80978 24.55543,-81.80974 24.55533,-81.80973 24.55531,-81.80977 24.55516,-81.81067 24.55376,-81.81075 24.55353,-81.81091 24.55265,-81.81111 24.55132,-81.81112 24.5511,-81.81107 24.55091,-81.81019 24.54988,-81.81006 24.54983,-81.80991 24.54989,-81.80807 24.55109,-81.80769 24.55134,-81.80767 24.55139,-81.80762 24.55155,-81.80773 24.55321,-81.80782 24.55515,-81.80789 24.55595,-81.80803 24.55645,-81.80803 24.55657,-81.80802 24.55692,-81.80803 24.5572,-81.80803 24.55725,-81.80806 24.55729,-81.80809 24.55731,-81.80817 24.55732,-81.80827 24.55732,-81.8083 24.55729,-81.8083 24.55725,-81.80828 24.5572,-81.80826 24.55711,-81.80833 24.55694,-81.80856 24.55646,-81.80866 24.55644,-81.80879 24.55647,-81.80884 24.55655,-81.80879 24.55673,-81.80853 24.55716,-81.8085 24.55731,-81.80862 24.55733,-81.80874 24.55727,-81.80908 24.55661,-81.80916 24.55665,-81.80928 24.55676,-81.80923 24.55689,-81.80902 24.55721,-81.80884 24.55748,-81.80872 24.55751,-81.80831 24.55745,-81.80828 24.55745,-81.80788 24.55747,-81.80786 24.55751,-81.8078 24.55762,-81.80766 24.55811,-81.80782 24.55819,-81.80789 24.5582,-81.80806 24.55825,-81.80823 24.55832,-81.80833 24.55837,-81.8084 24.5584,-81.8082 24.559,-81.80815 24.55916,-81.80749 24.56095,-81.80719 24.56107,-81.80707 24.56105,-81.80698 24.56105,-81.80689 24.56102,-81.80685 24.56104,-81.80668 24.56101,-81.80666 24.56102,-81.80666 24.56104,-81.80669 24.56113,-81.80669 24.56123,-81.80672 24.56137,-81.80683 24.5615,-81.80704 24.56181,-81.8068 24.56189,-81.80666 24.56171,-81.80654 24.56174,-81.80607 24.562,-81.80587 24.56207,-81.80571 24.56214,-81.80547 24.56224,-81.80448 24.56266,-81.80416 24.56273,-81.804 24.56271,-81.80383 24.56251,-81.80346 24.56196,-81.80341 24.56188,-81.8033 24.56175,-81.80303 24.56142,-81.80252 24.56089,-81.80242 24.56086,-81.80228 24.56092,-81.80213 24.56102,-81.80182 24.5612,-81.80063 24.56194,-81.79974 24.56249,-81.79943 24.56266,-81.79901 24.56289,-81.79896 24.5629,-81.79881 24.56302,-81.79867 24.56319,-81.79859 24.56334,-81.7986 24.56376,-81.79848 24.56415,-81.79854 24.56426,-81.7986 24.56437,-81.79862 24.56438,-81.802 24.56473,-81.80207 24.56475,-81.80209 24.56476,-81.80211 24.56486,-81.80208 24.56503,-81.80199 24.56514,-81.80181 24.56513,-81.79843 24.56478,-81.79839 24.56489,-81.79837 24.56507,-81.79839 24.56523,-81.79849 24.56529,-81.80043 24.56547,-81.80047 24.56548,-81.80049 24.56554,-81.80048 24.5656,-81.80046 24.56571,-81.80041 24.566,-81.8004 24.56605,-81.80041 24.56607,-81.80045 24.56608,-81.80157 24.56615,-81.8017 24.56617,-81.80188 24.56617,-81.8019 24.56626,-81.80188 24.56646,-81.80187 24.56663,-81.80185 24.56672,-81.80177 24.56675,-81.80155 24.56668,-81.8005 24.56662,-81.79984 24.56655,-81.79974 24.56655,-81.79972 24.5667,-81.79972 24.56676,-81.79972 24.56689,-81.79968 24.567,-81.79966 24.56706,-81.79982 24.56709,-81.80021 24.56712,-81.80025 24.56712,-81.80063 24.56717,-81.80069 24.56721,-81.80067 24.56735,-81.80175 24.56754,-81.80177 24.56757,-81.80169 24.56793,-81.80138 24.5679,-81.79904 24.56747,-81.79809 24.56728,-81.79645 24.56695,-81.79533 24.5667,-81.79497 24.56662,-81.79322 24.56622,-81.79046 24.56576,-81.78971 24.56573,-81.78949 24.56572,-81.78731 24.56531,-81.78434 24.56484,-81.78348 24.56466,-81.78315 24.56457,-81.78295 24.56434,-81.7829 24.5642,-81.78253 24.56373,-81.78191 24.56343,-81.78171 24.56346,-81.78148 24.56342,-81.78121 24.56325,-81.78108 24.5631,-81.78081 24.56303,-81.77998 24.56295,-81.7795 24.56297,-81.7793 24.56307,-81.77907 24.56335,-81.77887 24.56349,-81.77859 24.56354,-81.77826 24.5635,-81.77766 24.56339,-81.77747 24.56339,-81.77694 24.56395,-81.77667 24.56415,-81.77649 24.56427,-81.77619 24.56436,-81.77616 24.56438,-81.77613 24.56442,-81.77613 24.56445,-81.77615 24.56447,-81.7768 24.56515,-81.77688 24.5653,-81.77694 24.56545,-81.77692 24.56558,-81.7758 24.5662,-81.77565 24.56629,-81.7753 24.56645,-81.77527 24.56645,-81.77501 24.56656,-81.7748 24.56671,-81.7748 24.56673,-81.77475 24.56681,-81.77452 24.56701,-81.7732 24.56784,-81.77236 24.56838,-81.77193 24.56866,-81.77178 24.56869,-81.7716 24.56857,-81.77115 24.5682,-81.77097 24.56821,-81.77064 24.56846,-81.77056 24.56848,-81.77043 24.5684,-81.77024 24.56833,-81.77012 24.56838,-81.77013 24.5684,-81.77014 24.56846,-81.77026 24.56859,-81.77123 24.56954,-81.7721 24.57038,-81.77295 24.57128,-81.775 24.57347,-81.77519 24.57361,-81.77536 24.5736,-81.77552 24.5735,-81.77608 24.57297,-81.77635 24.57271,-81.77656 24.57264,-81.77688 24.57266,-81.77703 24.5727,-81.77827 24.57303,-81.77851 24.57314,-81.77904 24.5735,-81.77939 24.57391,-81.78002 24.57439,-81.78027 24.57474,-81.78058 24.57563,-81.78078 24.57591,-81.78109 24.57633,-81.78156 24.57685,-81.78168 24.57707,-81.78169 24.57745,-81.78156 24.5778,-81.7811 24.57827,-81.77927 24.58017,-81.77744 24.58165,-81.77727 24.58179,-81.77534 24.58353,-81.77479 24.58409,-81.77426 24.58467,-81.77387 24.58495,-81.77339 24.58508,-81.77249 24.58511,-81.77231 24.5851,-81.77189 24.58523))	Georeferenced to the approximate center of Key West though these are marine specimens - collected outside of polygon	decimal degrees	in collection	EPSG:4326	Museum of Comparative Zoology, Harvard University	associated grant: Preserving the genomes of the type specimens in the MCZ (CSBR); sex: male	Animalia Arthropoda Pycnogonida Phoxichilidiidae Anoplodactylus quadratispinosus	GEOLocate													
4012366571	c70e23de-1f95-46fb-899b-9754b6145d52	7ce8aef0-9e92-11dc-8738-b8a03c50a862	7ce8aef1-9e92-11dc-8740-b8a03c50a999	7ce8aef0-9e92-11dc-8738-b8a03c50a862	CH	DWC_ARCHIVE	2024-07-19T16:27:31.836+00:00	2024-07-19T16:28:53.934+00:00	84	{}	MATERIAL_CITATION	1.0	PRESENT		2117381	1	54	354	9477065	6316	2117290	2117381	2117381	Anoplodactylus quadratispinosus Hedgpeth, 1943	Anoplodactylus quadratispinosus Hedgpeth, 1943	Animalia	Arthropoda	Pantopoda	Phoxichilidiidae	Anoplodactylus	Anoplodactylus quadratispinosus	Anoplodactylus	quadratispinosus	SPECIES	ACCEPTED	NE				{}							['TAXON_MATCH_TAXON_ID_IGNORED', 'OCCURRENCE_STATUS_INFERRED_FROM_INDIVIDUAL_COUNT', 'COLLECTION_MATCH_NONE', 'INSTITUTION_MATCH_FUZZY']	2024-07-19T16:28:53.934+00:00	https://treatment.plazi.org/id/03A95E063E7DFFD3FE12003803D5BACB#3B68E54D3E7DFFD3FF40017E047CBC35	http://creativecommons.org/publicdomain/zero/1.0/legalcode	False	[{'identifier': '03A95E063E7DFFD3FE12003803D5BACB.mc.3B68E54D3E7DFFD3FF40017E047CBC35'}]	[]	[]	[]	True		Pycnogonida		[]	[]			EUROPE	03A95E063E7DFFD3FE12003803D5BACB.mc.3B68E54D3E7DFFD3FF40017E047CBC35	Hedgpeth	Anoplodactylus quadratispinosus Hedgpeth, 1943	4012366571	03A95E063E7DFFD3FE12003803D5BACB.mc.3B68E54D3E7DFFD3FF40017E047CBC35	Holotype: MCZ CRU- 12259 (not examined). Type locality: near channel to Key West, Florida.	03A95E063E7DFFD3FE12003803D5BACB.taxon	1943	Anoplodactylus quadratispinosus			MCZ	Key West				1cfca87c-083e-4d67-8e60-cb7d311f6058										Florida				HOLOTYPE																																
3847026806	6ed43f52-25d1-4d56-a821-63a8564b81f6	1928bdf0-f5d2-11dc-8c12-b8a03c50a862	e44d0fd7-0edf-477f-aa82-50a81836ab46	1928bdf0-f5d2-11dc-8c12-b8a03c50a862	FR	DWC_ARCHIVE	2024-01-23T18:06:52.356+00:00	2024-01-26T10:23:26.452+00:00	20	{}	HUMAN_OBSERVATION		PRESENT		2117381	1	54	354	9477065	6316	2117290	2117381	2117381	Anoplodactylus quadratispinosus Hedgpeth, 1943	Anoplodactylus quadratispinosus Hedgpeth, 1943	Animalia	Arthropoda	Pantopoda	Phoxichilidiidae	Anoplodactylus	Anoplodactylus quadratispinosus	Anoplodactylus	quadratispinosus	SPECIES	ACCEPTED	NE	14.65485	-61.01929	NORTH_AMERICA	{'level0': {'gid': 'MTQ', 'name': 'Martinique'}, 'level1': {'gid': 'MTQ.1_1', 'name': 'Fort-de-France'}, 'level2': {'gid': 'MTQ.1.3_1', 'name': 'Saint-Joseph'}}							['COUNTRY_MISMATCH', 'CONTINENT_DERIVED_FROM_COORDINATES', 'TAXON_MATCH_TAXON_ID_IGNORED']	2024-01-26T10:23:26.452+00:00		http://creativecommons.org/licenses/by/4.0/legalcode	False	[{'identifier': '8e12b0b6-3d43-45cb-9ebe-4c62c560a9aa'}]	[]	[]	[]	False	WGS84	Pycnogonida	MQ	[]	[]	LATIN_AMERICA	Martinique	EUROPE	8e12b0b6-3d43-45cb-9ebe-4c62c560a9aa			3847026806	8e12b0b6-3d43-45cb-9ebe-4c62c560a9aa		928433																			26983.0																									275.37364700437337	B6BB40E7-FCE6-5E23-E053-5014A8C0B867	8e12b0b6-3d43-45cb-9ebe-4c62c560a9aa	Anoplodactylus quadratispinosus Hedgpeth, 1943	Martinique	Invalid	Gargominy O (2021). TAXREF. Version 4.7. UMS PatriNat (OFB-CNRS-MNHN), Paris. Checklist dataset https://doi.org/10.15468/vqueam accessed via GBIF.org on 2021-06-28.						
3935059902	91aa3d5b-6f77-4135-a823-cef438a60dfa	1928bdf0-f5d2-11dc-8c12-b8a03c50a862	e44d0fd7-0edf-477f-aa82-50a81836ab46	1928bdf0-f5d2-11dc-8c12-b8a03c50a862	FR	DWC_ARCHIVE	2024-01-19T17:11:53.743+00:00	2024-01-26T10:11:38.887+00:00	10	{}	HUMAN_OBSERVATION		PRESENT		2117381	1	54	354	9477065	6316	2117290	2117381	2117381	Anoplodactylus quadratispinosus Hedgpeth, 1943	Anoplodactylus quadratispinosus Hedgpeth, 1943	Animalia	Arthropoda	Pantopoda	Phoxichilidiidae	Anoplodactylus	Anoplodactylus quadratispinosus	Anoplodactylus	quadratispinosus	SPECIES	ACCEPTED	NE	14.65485	-61.01929	NORTH_AMERICA	{'level0': {'gid': 'MTQ', 'name': 'Martinique'}, 'level1': {'gid': 'MTQ.1_1', 'name': 'Fort-de-France'}, 'level2': {'gid': 'MTQ.1.3_1', 'name': 'Saint-Joseph'}}							['COUNTRY_MISMATCH', 'CONTINENT_DERIVED_FROM_COORDINATES', 'TAXON_MATCH_TAXON_ID_IGNORED']	2024-01-26T10:11:38.887+00:00		http://creativecommons.org/licenses/by/4.0/legalcode	False	[{'identifier': 'd8ad3c5a-4a30-45fd-9e22-f9f83ca7cd75'}]	[]	[]	[]	False	WGS84	Pycnogonida	MQ	[]	[]	LATIN_AMERICA	Martinique	EUROPE	d8ad3c5a-4a30-45fd-9e22-f9f83ca7cd75			3935059902	d8ad3c5a-4a30-45fd-9e22-f9f83ca7cd75		928433																			26983.0																									275.37364700437337	D2B0CE86-7C29-1275-E053-5514A8C0FBF9	d8ad3c5a-4a30-45fd-9e22-f9f83ca7cd75	Anoplodactylus quadratispinosus Hedgpeth, 1943	Martinique	Probable	Gargominy O (2021). TAXREF. Version 4.7. UMS PatriNat (OFB-CNRS-MNHN), Paris. Checklist dataset https://doi.org/10.15468/vqueam accessed via GBIF.org on 2021-06-28.	TaxREF	Pantopoda				
4547858267	f553f8f9-b147-4f09-86e5-0d1ce1a91ce0	1928bdf0-f5d2-11dc-8c12-b8a03c50a862	e44d0fd7-0edf-477f-aa82-50a81836ab46	1928bdf0-f5d2-11dc-8c12-b8a03c50a862	FR	DWC_ARCHIVE	2024-03-21T10:09:14.312+00:00	2024-03-21T10:14:28.129+00:00	57	{}	HUMAN_OBSERVATION		PRESENT		2117381	1	54	354	9477065	6316	2117290	2117381	2117381	Anoplodactylus quadratispinosus Hedgpeth, 1943	Anoplodactylus quadratispinosus Hedgpeth, 1943	Animalia	Arthropoda	Pantopoda	Phoxichilidiidae	Anoplodactylus	Anoplodactylus quadratispinosus	Anoplodactylus	quadratispinosus	SPECIES	ACCEPTED	NE	14.65485	-61.01929	NORTH_AMERICA	{'level0': {'gid': 'MTQ', 'name': 'Martinique'}, 'level1': {'gid': 'MTQ.1_1', 'name': 'Fort-de-France'}, 'level2': {'gid': 'MTQ.1.3_1', 'name': 'Saint-Joseph'}}							['COUNTRY_MISMATCH', 'CONTINENT_DERIVED_FROM_COORDINATES', 'TAXON_MATCH_TAXON_ID_IGNORED']	2024-03-21T10:14:28.129+00:00		http://creativecommons.org/licenses/by/4.0/legalcode	False	[{'identifier': 'eb140ac7-d4b2-42e0-bfea-043da392aad2'}]	[]	[]	[]	False	WGS84	Pycnogonida	MQ	[]	[]	LATIN_AMERICA	Martinique	EUROPE	eb140ac7-d4b2-42e0-bfea-043da392aad2			4547858267	eb140ac7-d4b2-42e0-bfea-043da392aad2		928433																			26983.0																									275.37364700437337	EB6380B5-80AF-5935-E053-0514A8C08744	eb140ac7-d4b2-42e0-bfea-043da392aad2	Anoplodactylus quadratispinosus Hedgpeth, 1943	Martinique	Probable	Gargominy O (2021). TAXREF. Version 4.7. UMS PatriNat (OFB-CNRS-MNHN), Paris. Checklist dataset https://doi.org/10.15468/vqueam accessed via GBIF.org on 2021-06-28.	TaxREF		fr | en			
2979650020	040c5662-da76-4782-a48e-cdea1892d14c	b3bf3a83-1f68-4541-a03f-330d30d567f5	fb5e4c2a-579c-434b-a446-3a665dd732ad	fbca90e3-8aed-48b1-84e3-369afbd000ce	ZZ	DWC_ARCHIVE	2024-07-22T12:33:45.955+00:00	2024-07-22T14:15:21.059+00:00	355	{'http://rs.gbif.org/terms/1.0/DNADerivedData': [{'http://rs.gbif.org/terms/dna_sequence': 'AACTTTATATTTATTATTTGGATTATGAAGAGCAATAATTGGGACAGGTTTAAGGATACTAATTCGTTTAGAGTTAAGAAGACCAGGAAGATTTATTGGAAGAGACCAAATTTATAATGTAATTGTTACTTCTCATGCTTTTGTTATAATTTTTTTTATGGTTATACCTCTAATAATTGGGGGGTTTGGAAACTGGTTAGTCCCCTTAATAATTGGGAGACCAGATATAGCTTTCCCACGAATAAATAATATAAGATTTTGATTATTACCTCCATCTTTAATATTTTTATGTTTATCTAGTTTTATTGAATCAGGAGCTGGAACAGGGTGAACTGTTTACCCTCCTTTATCAAATTATATTTTTCATTCAGGGTGTTCTGTTGATCTGACAATTTTTTCTTTACATATAGCAGGGATTTCTTCAATTTTAGGGGCTATTAATTTTATTAGAACTATTTTTAATATAAAAATAAGTAAAATAACTTTTGATAAATTACCTTTATTTGTATGAAGAGTTTTAATTACAGCAATTTTATTATTATTATCTTTACCAGTTTTAGCCGGTGGAATTACTATATTGTTAACAGATCGAAACTTTAATACCACTTTT', 'https://w3id.org/mixs/0000044': 'COI-5P'}]}	MATERIAL_SAMPLE		PRESENT		10857110	1	54	354	9477065	6316	2117290	2117381	10857110	BOLD:AED5076	BOLD:AED5076	Animalia	Arthropoda	Pantopoda	Phoxichilidiidae	Anoplodactylus	Anoplodactylus quadratispinosus	BOLD:AED5076		UNRANKED	ACCEPTED		14.6161	-60.825	NORTH_AMERICA	{}							['GEODETIC_DATUM_ASSUMED_WGS84', 'CONTINENT_DERIVED_FROM_COORDINATES', 'TAXON_MATCH_TAXON_CONCEPT_ID_IGNORED', 'TAXON_MATCH_TAXON_ID_IGNORED', 'INSTITUTION_MATCH_NONE']	2024-07-22T14:15:21.059+00:00	https://boldsystems.org/index.php/Public_RecordView?processid=GBMNB56712-20	http://creativecommons.org/licenses/by/4.0/legalcode	True	[{'identifier': 'GBMNB56712-20'}]	[]	[]	[]	True	WGS84	Pycnogonida	MQ	[]	[]	LATIN_AMERICA	Martinique		GBMNB56712-20			2979650020	GBMNB56712-20		BOLD:AED5076					Mined from GenBank, NCBI								MNHN-IU-2016-1143																																									https://www.ncbi.nlm.nih.gov/nuccore/MK411063	http://www.boldsystems.org/index.php/Public_BarcodeCluster?clusteruri=BOLD:AED5076	Anoplodactylus quadratispinosus
3351663633	d8cd16ba-bb74-4420-821e-083f2bac17c2	ada9d123-ddb4-467d-8891-806ea8d94230	17a83780-3060-4851-9d6f-029d5fcb81c9	fbca90e3-8aed-48b1-84e3-369afbd000ce	GB	EML	2024-07-20T12:06:08.628+00:00	2024-07-20T12:50:56.882+00:00	175	{}	PRESERVED_SPECIMEN		PRESENT		2117381	1	54	354	9477065	6316	2117290	2117381	2117381	Anoplodactylus quadratispinosus Hedgpeth, 1943	Anoplodactylus quadratispinosus Hedgpeth, 1943	Animalia	Arthropoda	Pantopoda	Phoxichilidiidae	Anoplodactylus	Anoplodactylus quadratispinosus	Anoplodactylus	quadratispinosus	SPECIES	ACCEPTED	NE	14.62	-60.82	NORTH_AMERICA	{}							['GEODETIC_DATUM_ASSUMED_WGS84', 'CONTINENT_DERIVED_FROM_COORDINATES', 'TAXON_MATCH_TAXON_CONCEPT_ID_IGNORED', 'TAXON_MATCH_TAXON_ID_IGNORED']	2024-07-20T12:50:56.882+00:00	https://www.ebi.ac.uk/ena/browser/view/MK411063	http://creativecommons.org/licenses/by/4.0/legalcode	True	[{'identifier': 'MK411063'}]	[]	[]	[]	True	WGS84	Pycnogonida	MQ	[]	[]	LATIN_AMERICA	Martinique	EUROPE	MK411063			3351663633	MK411063		ASV:08775ffd365e957481bf94f063197ed0						Le Francois							MNHN-IU-2016-1143																												Anoplodactylus quadratispinosus voucher MNHN-IU-2016-1143 cytochrome oxidase subunit 1 (CO1) gene, partial cds mitochondrial.													https://www.ebi.ac.uk/ena/browser/api/embl/MK411063	https://www.ebi.ac.uk/ena/browser/view/Taxon:2654030	
