key	datasetKey	publishingOrgKey	networkKeys	installationKey	hostingOrganizationKey	publishingCountry	protocol	lastCrawled	lastParsed	crawlId	extensions	basisOfRecord	individualCount	occurrenceStatus	taxonKey	kingdomKey	phylumKey	classKey	orderKey	familyKey	genusKey	speciesKey	acceptedTaxonKey	scientificName	acceptedScientificName	kingdom	phylum	order	family	genus	species	genericName	specificEpithet	taxonRank	taxonomicStatus	iucnRedListCategory	decimalLatitude	decimalLongitude	depth	depthAccuracy	gadm	year	month	day	eventDate	startDayOfYear	endDayOfYear	issues	modified	lastInterpreted	license	isSequenced	identifiers	media	facts	relations	institutionKey	collectionKey	isInCluster	recordedBy	identifiedBy	geodeticDatum	class	countryCode	recordedByIDs	identifiedByIDs	gbifRegion	country	publishedByGbifRegion	identifier	catalogNumber	institutionCode	locality	fieldNumber	gbifID	collectionCode	occurrenceID	collectionID	verbatimLocality	sex	dateIdentified	coordinatePrecision	coordinateUncertaintyInMeters	waterBody	otherCatalogNumbers	samplingProtocol	eventID	acceptedNameUsage	http://unknown.org/taxonRankID	dynamicProperties	locationRemarks	taxonConceptID	http://unknown.org/species	nameAccordingTo	lifeStage	stateProvince	higherGeography	datasetName	preparations	institutionID	georeferenceProtocol	verbatimCoordinateSystem	locationID	higherClassification	verbatimEventDate	typeStatus	rightsHolder	nomenclaturalCode	vernacularName	county	language	type
462402994	da6a07ed-9eee-460d-9448-910f542c1a7b	2cd829bb-b713-433d-99cf-64bef11e5b3e	['17abcf75-2f1e-46dd-bf75-a5b21dd02655']	86c2834b-fcd6-418d-9b32-aca45110a0fe	2cd829bb-b713-433d-99cf-64bef11e5b3e	FR	EML	2024-07-24T12:23:52.237+00:00	2024-07-24T12:24:44.491+00:00	564	{'http://rs.tdwg.org/dwc/terms/Identification': [{'http://rs.tdwg.org/dwc/terms/namePublishedInYear': '1908', 'http://rs.tdwg.org/dwc/terms/order': 'Pantopoda', 'http://rs.tdwg.org/dwc/terms/higherClassification': 'Bathypallenopsis;Pallenopsidae;Pantopoda;Arthropoda', 'http://rs.tdwg.org/dwc/terms/scientificNameAuthorship': '(Loman, 1908)', 'http://rs.tdwg.org/dwc/terms/class': 'Pycnogonida', 'http://rs.tdwg.org/dwc/terms/identificationID': 'INVMAR|117389', 'http://rs.tdwg.org/dwc/terms/family': 'Pallenopsidae', 'http://rs.tdwg.org/dwc/terms/genus': 'Bathypallenopsis', 'http://rs.tdwg.org/dwc/terms/specificEpithet': 'tydemani', 'http://rs.tdwg.org/dwc/terms/identificationVerificationStatus': '1', 'http://rs.tdwg.org/dwc/terms/taxonID': 'INVMAR|13705', 'http://rs.tdwg.org/dwc/terms/identifiedBy': 'Bamber R.', 'http://rs.tdwg.org/dwc/terms/phylum': 'Arthropoda', 'http://rs.tdwg.org/dwc/terms/scientificName': 'Bathypallenopsis tydemani (Loman, 1908)'}]}	PRESERVED_SPECIMEN	1.0	PRESENT	4338434	1	54	354	9477065	3254684	4338408	4338434	4338434	Bathypallenopsis tydemani (Loman, 1908)	Bathypallenopsis tydemani (Loman, 1908)	Animalia	Arthropoda	Pantopoda	Pallenopsidae	Bathypallenopsis	Bathypallenopsis tydemani	Bathypallenopsis	tydemani	SPECIES	ACCEPTED	NE	-10.350166	161.918671	682.0	29.0	{}	2007.0	9.0	19.0	2007-09-19T15:01/2007-09-19T16:01	262.0	262.0	['GEODETIC_DATUM_ASSUMED_WGS84', 'OCCURRENCE_STATUS_INFERRED_FROM_INDIVIDUAL_COUNT', 'INSTITUTION_MATCH_FUZZY']	2022-05-27T18:41:26.000+00:00	2024-07-24T12:24:44.491+00:00	http://creativecommons.org/licenses/by/4.0/legalcode	False	[{'identifier': 'http://coldb.mnhn.fr/catalognumber/mnhn/iu/2008-20496'}]	[]	[]	[]	6a6ac6c5-1b8a-48db-91a2-f8661274ff80	0641bf3b-29ad-42c9-b3c7-ffb5a76f6954	False	Richer & Boisselier rec.	Bamber R.	WGS84	Pycnogonida	SB	[]	[]	OCEANIA	Solomon Islands	EUROPE	http://coldb.mnhn.fr/catalognumber/mnhn/iu/2008-20496	2008-20496	MNHN	N San Cristobal	SALOMONBOA 3/CP2822	462402994	IU	http://coldb.mnhn.fr/catalognumber/mnhn/iu/2008-20496	10.15468/qgvvhd																																		
462401288	da6a07ed-9eee-460d-9448-910f542c1a7b	2cd829bb-b713-433d-99cf-64bef11e5b3e	['17abcf75-2f1e-46dd-bf75-a5b21dd02655']	86c2834b-fcd6-418d-9b32-aca45110a0fe	2cd829bb-b713-433d-99cf-64bef11e5b3e	FR	EML	2024-07-24T12:23:52.237+00:00	2024-07-24T12:24:44.491+00:00	564	{'http://rs.tdwg.org/dwc/terms/Identification': [{'http://rs.tdwg.org/dwc/terms/namePublishedInYear': '1908', 'http://rs.tdwg.org/dwc/terms/order': 'Pantopoda', 'http://rs.tdwg.org/dwc/terms/higherClassification': 'Bathypallenopsis;Pallenopsidae;Pantopoda;Arthropoda', 'http://rs.tdwg.org/dwc/terms/scientificNameAuthorship': '(Loman, 1908)', 'http://rs.tdwg.org/dwc/terms/class': 'Pycnogonida', 'http://rs.tdwg.org/dwc/terms/identificationID': 'INVMAR|117390', 'http://rs.tdwg.org/dwc/terms/family': 'Pallenopsidae', 'http://rs.tdwg.org/dwc/terms/genus': 'Bathypallenopsis', 'http://rs.tdwg.org/dwc/terms/specificEpithet': 'tydemani', 'http://rs.tdwg.org/dwc/terms/identificationVerificationStatus': '1', 'http://rs.tdwg.org/dwc/terms/taxonID': 'INVMAR|13705', 'http://rs.tdwg.org/dwc/terms/identifiedBy': 'Bamber R.', 'http://rs.tdwg.org/dwc/terms/phylum': 'Arthropoda', 'http://rs.tdwg.org/dwc/terms/scientificName': 'Bathypallenopsis tydemani (Loman, 1908)'}]}	PRESERVED_SPECIMEN	1.0	PRESENT	4338434	1	54	354	9477065	3254684	4338408	4338434	4338434	Bathypallenopsis tydemani (Loman, 1908)	Bathypallenopsis tydemani (Loman, 1908)	Animalia	Arthropoda	Pantopoda	Pallenopsidae	Bathypallenopsis	Bathypallenopsis tydemani	Bathypallenopsis	tydemani	SPECIES	ACCEPTED	NE	-9.668333	160.748337	687.5	37.5	{}	2007.0	9.0	25.0	2007-09-25T16:01/2007-09-25T16:51	268.0	268.0	['GEODETIC_DATUM_ASSUMED_WGS84', 'OCCURRENCE_STATUS_INFERRED_FROM_INDIVIDUAL_COUNT', 'INSTITUTION_MATCH_FUZZY']	2015-06-19T19:23:01.000+00:00	2024-07-24T12:24:44.491+00:00	http://creativecommons.org/licenses/by/4.0/legalcode	False	[{'identifier': 'http://coldb.mnhn.fr/catalognumber/mnhn/iu/2008-20497'}]	[]	[]	[]	6a6ac6c5-1b8a-48db-91a2-f8661274ff80	0641bf3b-29ad-42c9-b3c7-ffb5a76f6954	False	Richer & Boisselier rec.	Bamber R.	WGS84	Pycnogonida	SB	[]	[]	OCEANIA	Solomon Islands	EUROPE	http://coldb.mnhn.fr/catalognumber/mnhn/iu/2008-20497	2008-20497	MNHN	Kaoka Bay	SALOMONBOA 3/CP2858	462401288	IU	http://coldb.mnhn.fr/catalognumber/mnhn/iu/2008-20497	10.15468/qgvvhd																																		
462401290	da6a07ed-9eee-460d-9448-910f542c1a7b	2cd829bb-b713-433d-99cf-64bef11e5b3e	['17abcf75-2f1e-46dd-bf75-a5b21dd02655']	86c2834b-fcd6-418d-9b32-aca45110a0fe	2cd829bb-b713-433d-99cf-64bef11e5b3e	FR	EML	2024-07-24T12:23:52.237+00:00	2024-07-24T12:24:43.482+00:00	564	{'http://rs.tdwg.org/dwc/terms/Identification': [{'http://rs.tdwg.org/dwc/terms/namePublishedInYear': '1908', 'http://rs.tdwg.org/dwc/terms/order': 'Pantopoda', 'http://rs.tdwg.org/dwc/terms/higherClassification': 'Bathypallenopsis;Pallenopsidae;Pantopoda;Arthropoda', 'http://rs.tdwg.org/dwc/terms/scientificNameAuthorship': '(Loman, 1908)', 'http://rs.tdwg.org/dwc/terms/class': 'Pycnogonida', 'http://rs.tdwg.org/dwc/terms/identificationID': 'INVMAR|117395', 'http://rs.tdwg.org/dwc/terms/family': 'Pallenopsidae', 'http://rs.tdwg.org/dwc/terms/genus': 'Bathypallenopsis', 'http://rs.tdwg.org/dwc/terms/specificEpithet': 'tydemani', 'http://rs.tdwg.org/dwc/terms/identificationVerificationStatus': '1', 'http://rs.tdwg.org/dwc/terms/taxonID': 'INVMAR|13705', 'http://rs.tdwg.org/dwc/terms/identifiedBy': 'Bamber R.', 'http://rs.tdwg.org/dwc/terms/phylum': 'Arthropoda', 'http://rs.tdwg.org/dwc/terms/scientificName': 'Bathypallenopsis tydemani (Loman, 1908)'}]}	PRESERVED_SPECIMEN	1.0	PRESENT	4338434	1	54	354	9477065	3254684	4338408	4338434	4338434	Bathypallenopsis tydemani (Loman, 1908)	Bathypallenopsis tydemani (Loman, 1908)	Animalia	Arthropoda	Pantopoda	Pallenopsidae	Bathypallenopsis	Bathypallenopsis tydemani	Bathypallenopsis	tydemani	SPECIES	ACCEPTED	NE	-10.681	162.330002	798.5	63.5	{}	2007.0	9.0	21.0	2007-09-21T14:55/2007-09-21T15:55	264.0	264.0	['GEODETIC_DATUM_ASSUMED_WGS84', 'OCCURRENCE_STATUS_INFERRED_FROM_INDIVIDUAL_COUNT', 'INSTITUTION_MATCH_FUZZY']	2015-08-25T12:39:12.000+00:00	2024-07-24T12:24:43.482+00:00	http://creativecommons.org/licenses/by/4.0/legalcode	False	[{'identifier': 'http://coldb.mnhn.fr/catalognumber/mnhn/iu/2008-20502'}]	[]	[]	[]	6a6ac6c5-1b8a-48db-91a2-f8661274ff80	0641bf3b-29ad-42c9-b3c7-ffb5a76f6954	False	Richer & Boisselier rec.	Bamber R.	WGS84	Pycnogonida	SB	[]	[]	OCEANIA	Solomon Islands	EUROPE	http://coldb.mnhn.fr/catalognumber/mnhn/iu/2008-20502	2008-20502	MNHN	E San Cristobal	SALOMONBOA 3/CP2835	462401290	IU	http://coldb.mnhn.fr/catalognumber/mnhn/iu/2008-20502	10.15468/qgvvhd																																		
440004768	da6a07ed-9eee-460d-9448-910f542c1a7b	2cd829bb-b713-433d-99cf-64bef11e5b3e	['17abcf75-2f1e-46dd-bf75-a5b21dd02655']	86c2834b-fcd6-418d-9b32-aca45110a0fe	2cd829bb-b713-433d-99cf-64bef11e5b3e	FR	EML	2024-07-24T12:23:52.237+00:00	2024-07-24T12:24:52.350+00:00	564	{'http://rs.tdwg.org/dwc/terms/Identification': [{'http://rs.tdwg.org/dwc/terms/namePublishedInYear': '1908', 'http://rs.tdwg.org/dwc/terms/order': 'Pantopoda', 'http://rs.tdwg.org/dwc/terms/higherClassification': 'Bathypallenopsis;Pallenopsidae;Pantopoda;Arthropoda', 'http://rs.tdwg.org/dwc/terms/scientificNameAuthorship': '(Loman, 1908)', 'http://rs.tdwg.org/dwc/terms/class': 'Pycnogonida', 'http://rs.tdwg.org/dwc/terms/identificationID': 'INVMAR|71876', 'http://rs.tdwg.org/dwc/terms/family': 'Pallenopsidae', 'http://rs.tdwg.org/dwc/terms/genus': 'Bathypallenopsis', 'http://rs.tdwg.org/dwc/terms/specificEpithet': 'tydemani', 'http://rs.tdwg.org/dwc/terms/identificationVerificationStatus': '1', 'http://rs.tdwg.org/dwc/terms/taxonID': 'INVMAR|13705', 'http://rs.tdwg.org/dwc/terms/identifiedBy': 'Bamber R.', 'http://rs.tdwg.org/dwc/terms/phylum': 'Arthropoda', 'http://rs.tdwg.org/dwc/terms/scientificName': 'Bathypallenopsis tydemani (Loman, 1908)'}]}	PRESERVED_SPECIMEN	4.0	PRESENT	4338434	1	54	354	9477065	3254684	4338408	4338434	4338434	Bathypallenopsis tydemani (Loman, 1908)	Bathypallenopsis tydemani (Loman, 1908)	Animalia	Arthropoda	Pantopoda	Pallenopsidae	Bathypallenopsis	Bathypallenopsis tydemani	Bathypallenopsis	tydemani	SPECIES	ACCEPTED	NE	-7.821667	157.686996	1081.5	36.5	{}	2004.0	10.0	27.0	2004-10-27T08:49/2004-10-27T09:34	301.0	301.0	['GEODETIC_DATUM_ASSUMED_WGS84', 'OCCURRENCE_STATUS_INFERRED_FROM_INDIVIDUAL_COUNT', 'INSTITUTION_MATCH_FUZZY']	2022-05-27T18:41:26.000+00:00	2024-07-24T12:24:52.350+00:00	http://creativecommons.org/licenses/by/4.0/legalcode	False	[{'identifier': 'http://coldb.mnhn.fr/catalognumber/mnhn/iu/2007-4740'}]	[]	[]	[]	6a6ac6c5-1b8a-48db-91a2-f8661274ff80	0641bf3b-29ad-42c9-b3c7-ffb5a76f6954	False	Bouchet, Warén & Samadi-IRD	Bamber R.	WGS84	Pycnogonida	SB	[]	[]	OCEANIA	Solomon Islands	EUROPE	http://coldb.mnhn.fr/catalognumber/mnhn/iu/2007-4740	2007-4740	MNHN	NW Isabel	SALOMON 2/CP2217	440004768	IU	http://coldb.mnhn.fr/catalognumber/mnhn/iu/2007-4740	10.15468/qgvvhd																																		
462426630	da6a07ed-9eee-460d-9448-910f542c1a7b	2cd829bb-b713-433d-99cf-64bef11e5b3e	['17abcf75-2f1e-46dd-bf75-a5b21dd02655']	86c2834b-fcd6-418d-9b32-aca45110a0fe	2cd829bb-b713-433d-99cf-64bef11e5b3e	FR	EML	2024-07-24T12:23:52.237+00:00	2024-07-24T12:24:43.491+00:00	564	{'http://rs.tdwg.org/dwc/terms/Identification': [{'http://rs.tdwg.org/dwc/terms/namePublishedInYear': '1908', 'http://rs.tdwg.org/dwc/terms/order': 'Pantopoda', 'http://rs.tdwg.org/dwc/terms/higherClassification': 'Bathypallenopsis;Pallenopsidae;Pantopoda;Arthropoda', 'http://rs.tdwg.org/dwc/terms/scientificNameAuthorship': '(Loman, 1908)', 'http://rs.tdwg.org/dwc/terms/class': 'Pycnogonida', 'http://rs.tdwg.org/dwc/terms/identificationID': 'INVMAR|117452', 'http://rs.tdwg.org/dwc/terms/family': 'Pallenopsidae', 'http://rs.tdwg.org/dwc/terms/genus': 'Bathypallenopsis', 'http://rs.tdwg.org/dwc/terms/specificEpithet': 'tydemani', 'http://rs.tdwg.org/dwc/terms/identificationVerificationStatus': '1', 'http://rs.tdwg.org/dwc/terms/taxonID': 'INVMAR|13705', 'http://rs.tdwg.org/dwc/terms/phylum': 'Arthropoda', 'http://rs.tdwg.org/dwc/terms/scientificName': 'Bathypallenopsis tydemani (Loman, 1908)'}]}	PRESERVED_SPECIMEN	1.0	PRESENT	4338434	1	54	354	9477065	3254684	4338408	4338434	4338434	Bathypallenopsis tydemani (Loman, 1908)	Bathypallenopsis tydemani (Loman, 1908)	Animalia	Arthropoda	Pantopoda	Pallenopsidae	Bathypallenopsis	Bathypallenopsis tydemani	Bathypallenopsis	tydemani	SPECIES	ACCEPTED	NE	-7.821667	157.686996	1081.5	36.5	{}	2004.0	10.0	27.0	2004-10-27T08:49/2004-10-27T09:34	301.0	301.0	['GEODETIC_DATUM_ASSUMED_WGS84', 'OCCURRENCE_STATUS_INFERRED_FROM_INDIVIDUAL_COUNT', 'INSTITUTION_MATCH_FUZZY']	2015-08-25T12:39:13.000+00:00	2024-07-24T12:24:43.491+00:00	http://creativecommons.org/licenses/by/4.0/legalcode	False	[{'identifier': 'http://coldb.mnhn.fr/catalognumber/mnhn/iu/2008-20561'}]	[]	[]	[]	6a6ac6c5-1b8a-48db-91a2-f8661274ff80	0641bf3b-29ad-42c9-b3c7-ffb5a76f6954	False	Bouchet, Warén & Samadi-IRD		WGS84	Pycnogonida	SB	[]	[]	OCEANIA	Solomon Islands	EUROPE	http://coldb.mnhn.fr/catalognumber/mnhn/iu/2008-20561	2008-20561	MNHN	NW Isabel	SALOMON 2/CP2217	462426630	IU	http://coldb.mnhn.fr/catalognumber/mnhn/iu/2008-20561	10.15468/qgvvhd																																		
439995578	da6a07ed-9eee-460d-9448-910f542c1a7b	2cd829bb-b713-433d-99cf-64bef11e5b3e	['17abcf75-2f1e-46dd-bf75-a5b21dd02655']	86c2834b-fcd6-418d-9b32-aca45110a0fe	2cd829bb-b713-433d-99cf-64bef11e5b3e	FR	EML	2024-07-24T12:23:52.237+00:00	2024-07-24T12:24:52.350+00:00	564	{'http://rs.tdwg.org/dwc/terms/Identification': [{'http://rs.tdwg.org/dwc/terms/namePublishedInYear': '1908', 'http://rs.tdwg.org/dwc/terms/order': 'Pantopoda', 'http://rs.tdwg.org/dwc/terms/higherClassification': 'Bathypallenopsis;Pallenopsidae;Pantopoda;Arthropoda', 'http://rs.tdwg.org/dwc/terms/scientificNameAuthorship': '(Loman, 1908)', 'http://rs.tdwg.org/dwc/terms/class': 'Pycnogonida', 'http://rs.tdwg.org/dwc/terms/identificationID': 'INVMAR|71877', 'http://rs.tdwg.org/dwc/terms/family': 'Pallenopsidae', 'http://rs.tdwg.org/dwc/terms/genus': 'Bathypallenopsis', 'http://rs.tdwg.org/dwc/terms/specificEpithet': 'tydemani', 'http://rs.tdwg.org/dwc/terms/identificationVerificationStatus': '1', 'http://rs.tdwg.org/dwc/terms/taxonID': 'INVMAR|13705', 'http://rs.tdwg.org/dwc/terms/identifiedBy': 'Bamber R.', 'http://rs.tdwg.org/dwc/terms/phylum': 'Arthropoda', 'http://rs.tdwg.org/dwc/terms/scientificName': 'Bathypallenopsis tydemani (Loman, 1908)'}]}	PRESERVED_SPECIMEN	1.0	PRESENT	4338434	1	54	354	9477065	3254684	4338408	4338434	4338434	Bathypallenopsis tydemani (Loman, 1908)	Bathypallenopsis tydemani (Loman, 1908)	Animalia	Arthropoda	Pantopoda	Pallenopsidae	Bathypallenopsis	Bathypallenopsis tydemani	Bathypallenopsis	tydemani	SPECIES	ACCEPTED	NE	-7.487167	156.278	907.5	62.5	{}	2004.0	11.0	2.0	2004-11-02T08:27/2004-11-02T08:57	307.0	307.0	['GEODETIC_DATUM_ASSUMED_WGS84', 'OCCURRENCE_STATUS_INFERRED_FROM_INDIVIDUAL_COUNT', 'INSTITUTION_MATCH_FUZZY']	2022-10-21T10:12:11.000+00:00	2024-07-24T12:24:52.350+00:00	http://creativecommons.org/licenses/by/4.0/legalcode	False	[{'identifier': 'http://coldb.mnhn.fr/catalognumber/mnhn/iu/2007-4741'}]	[]	[]	[]	6a6ac6c5-1b8a-48db-91a2-f8661274ff80	0641bf3b-29ad-42c9-b3c7-ffb5a76f6954	False	Bouchet, Warén & Samadi-IRD	Bamber R.	WGS84	Pycnogonida	SB	[]	[]	OCEANIA	Solomon Islands	EUROPE	http://coldb.mnhn.fr/catalognumber/mnhn/iu/2007-4741	2007-4741	MNHN		SALOMON 2/CP2250	439995578	IU	http://coldb.mnhn.fr/catalognumber/mnhn/iu/2007-4741	10.15468/qgvvhd																																		
462401979	da6a07ed-9eee-460d-9448-910f542c1a7b	2cd829bb-b713-433d-99cf-64bef11e5b3e	['17abcf75-2f1e-46dd-bf75-a5b21dd02655']	86c2834b-fcd6-418d-9b32-aca45110a0fe	2cd829bb-b713-433d-99cf-64bef11e5b3e	FR	EML	2024-07-24T12:23:52.237+00:00	2024-07-24T12:24:43.429+00:00	564	{'http://rs.tdwg.org/dwc/terms/Identification': [{'http://rs.tdwg.org/dwc/terms/namePublishedInYear': '1908', 'http://rs.tdwg.org/dwc/terms/order': 'Pantopoda', 'http://rs.tdwg.org/dwc/terms/higherClassification': 'Bathypallenopsis;Pallenopsidae;Pantopoda;Arthropoda', 'http://rs.tdwg.org/dwc/terms/scientificNameAuthorship': '(Loman, 1908)', 'http://rs.tdwg.org/dwc/terms/class': 'Pycnogonida', 'http://rs.tdwg.org/dwc/terms/identificationID': 'INVMAR|117588', 'http://rs.tdwg.org/dwc/terms/family': 'Pallenopsidae', 'http://rs.tdwg.org/dwc/terms/genus': 'Bathypallenopsis', 'http://rs.tdwg.org/dwc/terms/specificEpithet': 'tydemani', 'http://rs.tdwg.org/dwc/terms/identificationVerificationStatus': '1', 'http://rs.tdwg.org/dwc/terms/taxonID': 'INVMAR|13705', 'http://rs.tdwg.org/dwc/terms/phylum': 'Arthropoda', 'http://rs.tdwg.org/dwc/terms/scientificName': 'Bathypallenopsis tydemani (Loman, 1908)'}]}	PRESERVED_SPECIMEN	1.0	PRESENT	4338434	1	54	354	9477065	3254684	4338408	4338434	4338434	Bathypallenopsis tydemani (Loman, 1908)	Bathypallenopsis tydemani (Loman, 1908)	Animalia	Arthropoda	Pantopoda	Pallenopsidae	Bathypallenopsis	Bathypallenopsis tydemani	Bathypallenopsis	tydemani	SPECIES	ACCEPTED	NE	-8.52	160.628326	1087.0	51.0	{}	2001.0	9.0	29.0	2001-09-29	272.0	272.0	['GEODETIC_DATUM_ASSUMED_WGS84', 'OCCURRENCE_STATUS_INFERRED_FROM_INDIVIDUAL_COUNT', 'INSTITUTION_MATCH_FUZZY']	2022-05-27T18:41:26.000+00:00	2024-07-24T12:24:43.429+00:00	http://creativecommons.org/licenses/by/4.0/legalcode	False	[{'identifier': 'http://coldb.mnhn.fr/catalognumber/mnhn/iu/2008-20613'}]	[]	[]	[]	6a6ac6c5-1b8a-48db-91a2-f8661274ff80	0641bf3b-29ad-42c9-b3c7-ffb5a76f6954	False	Bouchet, Dayrat, Warén & Richer de Forges-IRD coll.		WGS84	Pycnogonida	SB	[]	[]	OCEANIA	Solomon Islands	EUROPE	http://coldb.mnhn.fr/catalognumber/mnhn/iu/2008-20613	2008-20613	MNHN	NW Malaita	SALOMON 1/CP1781	462401979	IU	http://coldb.mnhn.fr/catalognumber/mnhn/iu/2008-20613	10.15468/qgvvhd																																		
462403514	da6a07ed-9eee-460d-9448-910f542c1a7b	2cd829bb-b713-433d-99cf-64bef11e5b3e	['17abcf75-2f1e-46dd-bf75-a5b21dd02655']	86c2834b-fcd6-418d-9b32-aca45110a0fe	2cd829bb-b713-433d-99cf-64bef11e5b3e	FR	EML	2024-07-24T12:23:52.237+00:00	2024-07-24T12:24:43.494+00:00	564	{'http://rs.tdwg.org/dwc/terms/Identification': [{'http://rs.tdwg.org/dwc/terms/namePublishedInYear': '1908', 'http://rs.tdwg.org/dwc/terms/order': 'Pantopoda', 'http://rs.tdwg.org/dwc/terms/higherClassification': 'Bathypallenopsis;Pallenopsidae;Pantopoda;Arthropoda', 'http://rs.tdwg.org/dwc/terms/scientificNameAuthorship': '(Loman, 1908)', 'http://rs.tdwg.org/dwc/terms/class': 'Pycnogonida', 'http://rs.tdwg.org/dwc/terms/identificationID': 'INVMAR|117585', 'http://rs.tdwg.org/dwc/terms/family': 'Pallenopsidae', 'http://rs.tdwg.org/dwc/terms/genus': 'Bathypallenopsis', 'http://rs.tdwg.org/dwc/terms/specificEpithet': 'tydemani', 'http://rs.tdwg.org/dwc/terms/identificationVerificationStatus': '1', 'http://rs.tdwg.org/dwc/terms/taxonID': 'INVMAR|13705', 'http://rs.tdwg.org/dwc/terms/phylum': 'Arthropoda', 'http://rs.tdwg.org/dwc/terms/scientificName': 'Bathypallenopsis tydemani (Loman, 1908)'}]}	PRESERVED_SPECIMEN	1.0	PRESENT	4338434	1	54	354	9477065	3254684	4338408	4338434	4338434	Bathypallenopsis tydemani (Loman, 1908)	Bathypallenopsis tydemani (Loman, 1908)	Animalia	Arthropoda	Pantopoda	Pallenopsidae	Bathypallenopsis	Bathypallenopsis tydemani	Bathypallenopsis	tydemani	SPECIES	ACCEPTED	NE	-15.981	166.630341	1055.0	3.0	{}	1994.0	10.0	10.0	1994-10-10	283.0	283.0	['GEODETIC_DATUM_ASSUMED_WGS84', 'OCCURRENCE_STATUS_INFERRED_FROM_INDIVIDUAL_COUNT', 'INSTITUTION_MATCH_FUZZY']	2015-06-19T19:23:01.000+00:00	2024-07-24T12:24:43.494+00:00	http://creativecommons.org/licenses/by/4.0/legalcode	False	[{'identifier': 'http://coldb.mnhn.fr/catalognumber/mnhn/iu/2008-20551'}]	[]	[]	[]	6a6ac6c5-1b8a-48db-91a2-f8661274ff80	0641bf3b-29ad-42c9-b3c7-ffb5a76f6954	False	Bouchet & Richer de Forges-IRD coll.		WGS84	Pycnogonida	VU	[]	[]	OCEANIA	Vanuatu	EUROPE	http://coldb.mnhn.fr/catalognumber/mnhn/iu/2008-20551	2008-20551	MNHN	SE Santo	MUSORSTOM 8/CP1127	462403514	IU	http://coldb.mnhn.fr/catalognumber/mnhn/iu/2008-20551	10.15468/qgvvhd	Guyot Bougainvillé																																	
462403513	da6a07ed-9eee-460d-9448-910f542c1a7b	2cd829bb-b713-433d-99cf-64bef11e5b3e	['17abcf75-2f1e-46dd-bf75-a5b21dd02655']	86c2834b-fcd6-418d-9b32-aca45110a0fe	2cd829bb-b713-433d-99cf-64bef11e5b3e	FR	EML	2024-07-24T12:23:52.237+00:00	2024-07-24T12:24:43.493+00:00	564	{'http://rs.tdwg.org/dwc/terms/Identification': [{'http://rs.tdwg.org/dwc/terms/namePublishedInYear': '1908', 'http://rs.tdwg.org/dwc/terms/order': 'Pantopoda', 'http://rs.tdwg.org/dwc/terms/higherClassification': 'Bathypallenopsis;Pallenopsidae;Pantopoda;Arthropoda', 'http://rs.tdwg.org/dwc/terms/scientificNameAuthorship': '(Loman, 1908)', 'http://rs.tdwg.org/dwc/terms/class': 'Pycnogonida', 'http://rs.tdwg.org/dwc/terms/identificationID': 'INVMAR|117584', 'http://rs.tdwg.org/dwc/terms/family': 'Pallenopsidae', 'http://rs.tdwg.org/dwc/terms/genus': 'Bathypallenopsis', 'http://rs.tdwg.org/dwc/terms/specificEpithet': 'tydemani', 'http://rs.tdwg.org/dwc/terms/identificationVerificationStatus': '1', 'http://rs.tdwg.org/dwc/terms/taxonID': 'INVMAR|13705', 'http://rs.tdwg.org/dwc/terms/phylum': 'Arthropoda', 'http://rs.tdwg.org/dwc/terms/scientificName': 'Bathypallenopsis tydemani (Loman, 1908)'}]}	PRESERVED_SPECIMEN	1.0	PRESENT	4338434	1	54	354	9477065	3254684	4338408	4338434	4338434	Bathypallenopsis tydemani (Loman, 1908)	Bathypallenopsis tydemani (Loman, 1908)	Animalia	Arthropoda	Pantopoda	Pallenopsidae	Bathypallenopsis	Bathypallenopsis tydemani	Bathypallenopsis	tydemani	SPECIES	ACCEPTED	NE	-8.733334	131.083328	887.5	3.5	{}	1991.0	11.0	5.0	1991-11-05T20:03	309.0	309.0	['GEODETIC_DATUM_ASSUMED_WGS84', 'OCCURRENCE_STATUS_INFERRED_FROM_INDIVIDUAL_COUNT', 'INSTITUTION_MATCH_FUZZY']	2022-05-27T18:41:26.000+00:00	2024-07-24T12:24:43.493+00:00	http://creativecommons.org/licenses/by/4.0/legalcode	False	[{'identifier': 'http://coldb.mnhn.fr/catalognumber/mnhn/iu/2008-20550'}]	[]	[]	[]	6a6ac6c5-1b8a-48db-91a2-f8661274ff80	0641bf3b-29ad-42c9-b3c7-ffb5a76f6954	False	Bouchet, Kastoro & Métivier coll.		WGS84	Pycnogonida	ID	[]	[]	ASIA	Indonesia	EUROPE	http://coldb.mnhn.fr/catalognumber/mnhn/iu/2008-20550	2008-20550	MNHN	Iles Tanimbar	KARUBAR/CP91	462403513	IU	http://coldb.mnhn.fr/catalognumber/mnhn/iu/2008-20550	10.15468/qgvvhd																																		
1100763587	dce8feb0-6c89-11de-8225-b8a03c50a862	770c30d2-c2a8-4bb2-8056-6167297cddae	['99d66b6c-9087-452f-a9d4-f15f2c2d0e7e']	19893c10-381e-4534-9bb8-6c37d03ad29e	3c5e4331-7f2f-4a8d-aa56-81ece7014fc8	AU	DWC_ARCHIVE	2024-07-02T04:20:52.620+00:00	2024-07-02T07:19:46.986+00:00	384	{}	PRESERVED_SPECIMEN		PRESENT	4338434	1	54	354	9477065	3254684	4338408	4338434	4338434	Bathypallenopsis tydemani (Loman, 1908)	Bathypallenopsis tydemani (Loman, 1908)	Animalia	Arthropoda	Pantopoda	Pallenopsidae	Bathypallenopsis	Bathypallenopsis tydemani	Bathypallenopsis	tydemani	SPECIES	ACCEPTED	NE	-29.45016	160.13766			{}	1989.0	5.0	4.0	1989-05-04	124.0	124.0	['TAXON_MATCH_TAXON_CONCEPT_ID_IGNORED', 'COLLECTION_MATCH_NONE', 'INSTITUTION_MATCH_FUZZY']		2024-07-02T07:19:46.986+00:00	http://creativecommons.org/licenses/by/4.0/legalcode	False	[{'identifier': 'be0e2222-227f-4094-a85d-56b572234c42'}]	[]	[]	[]	9cfe8cbf-35ff-4d93-b932-cb05d91b7922		False	Lowry, J.K.|Party	Krapp, Dr Franz - Zoologisches Forschungsinstitut und Museum Alexander Koenig	WGS84	Pycnogonida	AU	[]	[]	OCEANIA	Australia	OCEANIA	be0e2222-227f-4094-a85d-56b572234c42	P.43758	AM			1100763587	Invertebrates - Marine & Other	be0e2222-227f-4094-a85d-56b572234c42		Lord Howe Rise	FEMALE	2012-01-01T00:00:00	1e-05	100000.0	Tasman Sea	ecatalogue.irn:1063332|urn:catalog:AM:Invertebrates - Marine & Other:P.43758	beam trawl	urn:australianmuseum.net.au:Events:1055110	Bathypallenopsis tydemani (Loman, 1908)	7000	{dcterms:type:PhysicalObject,dcterms:modified:2019/11/19,verbatimUncertainty:10km-100km}	ecatalogue.LocCollectionEventLocal: [FR0589-18] Tasman Sea, Lord Howe Rise (29° 27' 01 S, 160° 08' 16 E) 04/05/1989 - 04/05/1989, beam trawl;	https://biodiversity.org.au/afd/taxa/b4d0eee7-2f31-4822-b7a5-ec9daad46ea2	Bathypallenopsis tydemani	(Loman, 1908)																		
1317517733	821cc27a-e3bb-4bc5-ac34-89ada245069d	bc092ff0-02e4-11dc-991f-b8a03c50a862	['99d66b6c-9087-452f-a9d4-f15f2c2d0e7e']	b2ff19b5-d74f-40d2-82f1-ec5db01e8e31	bc092ff0-02e4-11dc-991f-b8a03c50a862	US	EML	2024-07-02T10:46:41.039+00:00	2024-07-02T12:37:13.502+00:00	395	{}	PRESERVED_SPECIMEN	1.0	PRESENT	2117472	1	54	354	9477065	3254684	4338408	4338434	4338434	Pallenopsis tydemani Loman, 1908	Bathypallenopsis tydemani (Loman, 1908)	Animalia	Arthropoda	Pantopoda	Pallenopsidae	Bathypallenopsis	Bathypallenopsis tydemani	Pallenopsis	tydemani	SPECIES	SYNONYM	NE	28.4797	-87.0003	852.0	0.0	{}	1985.0	5.0	13.0	1985-05-13	133.0	133.0	['GEODETIC_DATUM_ASSUMED_WGS84', 'CONTINENT_INVALID', 'TAXON_MATCH_HIGHERRANK', 'OCCURRENCE_STATUS_INFERRED_FROM_INDIVIDUAL_COUNT']	2018-09-17T13:00:00.000+00:00	2024-07-02T12:37:13.502+00:00	http://creativecommons.org/publicdomain/zero/1.0/legalcode	False	[{'identifier': 'http://n2t.net/ark:/65665/30df67e10-be53-4ae1-8b1e-501e1022617e'}]	[]	[]	[]	586ee56e-b0fe-4dff-b7f9-aeb104f3308a	0174f5b3-da29-4967-b8dc-ce75ed53e35d	False	LGL Ecological Research Associates For BLM/ MMS	Child, C. Allan, (IZ), Smithsonian Institution - National Museum of Natural History (UNITED STATES)	WGS84	Pycnogonida	US	[]	[]	NORTH_AMERICA	United States of America	NORTH_AMERICA	http://n2t.net/ark:/65665/30df67e10-be53-4ae1-8b1e-501e1022617e	USNM 1011379	USNM	off Florida	MMS-NGOMCS/4477	1317517733	IZ	http://n2t.net/ark:/65665/30df67e10-be53-4ae1-8b1e-501e1022617e	urn:uuid:f14c21a9-8cbf-4c8b-817f-d19d427e2dd6						North Atlantic Ocean, Gulf of Mexico											Juvenile	Florida	North Atlantic Ocean, Gulf of Mexico, United States, Florida	NMNH Extant Biology	Alcohol (Ethanol)	urn:lsid:biocol.org:col:34871	unknown, from legacy	Degrees Minutes Seconds	E3A-3	Animalia, Arthropoda, Chelicerata, Pycnogonida, Pantopoda, Pallenopsidae								
1318814443	821cc27a-e3bb-4bc5-ac34-89ada245069d	bc092ff0-02e4-11dc-991f-b8a03c50a862	['99d66b6c-9087-452f-a9d4-f15f2c2d0e7e']	b2ff19b5-d74f-40d2-82f1-ec5db01e8e31	bc092ff0-02e4-11dc-991f-b8a03c50a862	US	EML	2024-07-02T10:46:41.039+00:00	2024-07-02T12:39:01.851+00:00	395	{}	PRESERVED_SPECIMEN	1.0	PRESENT	2117472	1	54	354	9477065	3254684	4338408	4338434	4338434	Pallenopsis tydemani Loman, 1908	Bathypallenopsis tydemani (Loman, 1908)	Animalia	Arthropoda	Pantopoda	Pallenopsidae	Bathypallenopsis	Bathypallenopsis tydemani	Pallenopsis	tydemani	SPECIES	SYNONYM	NE	28.5836	-86.7622	625.0	0.0	{}	1985.0	5.0	13.0	1985-05-13	133.0	133.0	['GEODETIC_DATUM_ASSUMED_WGS84', 'CONTINENT_INVALID', 'TAXON_MATCH_HIGHERRANK', 'OCCURRENCE_STATUS_INFERRED_FROM_INDIVIDUAL_COUNT']	2018-09-17T13:00:00.000+00:00	2024-07-02T12:39:01.851+00:00	http://creativecommons.org/publicdomain/zero/1.0/legalcode	False	[{'identifier': 'http://n2t.net/ark:/65665/347469ce3-8a0d-4b6e-ab1a-f0c65b7fedcb'}]	[]	[]	[]	586ee56e-b0fe-4dff-b7f9-aeb104f3308a	0174f5b3-da29-4967-b8dc-ce75ed53e35d	False	LGL Ecological Research Associates For BLM/ MMS	Child, C. Allan, (IZ), Smithsonian Institution - National Museum of Natural History (UNITED STATES)	WGS84	Pycnogonida	US	[]	[]	NORTH_AMERICA	United States of America	NORTH_AMERICA	http://n2t.net/ark:/65665/347469ce3-8a0d-4b6e-ab1a-f0c65b7fedcb	USNM 1011375	USNM	off Florida	MMS-NGOMCS/4502	1318814443	IZ	http://n2t.net/ark:/65665/347469ce3-8a0d-4b6e-ab1a-f0c65b7fedcb	urn:uuid:f14c21a9-8cbf-4c8b-817f-d19d427e2dd6		MALE				North Atlantic Ocean, Gulf of Mexico												Florida	North Atlantic Ocean, Gulf of Mexico, United States, Florida	NMNH Extant Biology	Alcohol (Ethanol)	urn:lsid:biocol.org:col:34871	unknown, from legacy	Degrees Minutes Seconds	E2A	Animalia, Arthropoda, Chelicerata, Pycnogonida, Pantopoda, Pallenopsidae								
462402590	da6a07ed-9eee-460d-9448-910f542c1a7b	2cd829bb-b713-433d-99cf-64bef11e5b3e	['17abcf75-2f1e-46dd-bf75-a5b21dd02655']	86c2834b-fcd6-418d-9b32-aca45110a0fe	2cd829bb-b713-433d-99cf-64bef11e5b3e	FR	EML	2024-07-24T12:23:52.237+00:00	2024-07-24T12:24:43.430+00:00	564	{'http://rs.tdwg.org/dwc/terms/Identification': [{'http://rs.tdwg.org/dwc/terms/namePublishedInYear': '1908', 'http://rs.tdwg.org/dwc/terms/order': 'Pantopoda', 'http://rs.tdwg.org/dwc/terms/higherClassification': 'Bathypallenopsis;Pallenopsidae;Pantopoda;Arthropoda', 'http://rs.tdwg.org/dwc/terms/scientificNameAuthorship': '(Loman, 1908)', 'http://rs.tdwg.org/dwc/terms/class': 'Pycnogonida', 'http://rs.tdwg.org/dwc/terms/identificationID': 'INVMAR|117589', 'http://rs.tdwg.org/dwc/terms/family': 'Pallenopsidae', 'http://rs.tdwg.org/dwc/terms/genus': 'Bathypallenopsis', 'http://rs.tdwg.org/dwc/terms/specificEpithet': 'tydemani', 'http://rs.tdwg.org/dwc/terms/identificationVerificationStatus': '1', 'http://rs.tdwg.org/dwc/terms/taxonID': 'INVMAR|13705', 'http://rs.tdwg.org/dwc/terms/phylum': 'Arthropoda', 'http://rs.tdwg.org/dwc/terms/scientificName': 'Bathypallenopsis tydemani (Loman, 1908)'}]}	PRESERVED_SPECIMEN	2.0	PRESENT	4338434	1	54	354	9477065	3254684	4338408	4338434	4338434	Bathypallenopsis tydemani (Loman, 1908)	Bathypallenopsis tydemani (Loman, 1908)	Animalia	Arthropoda	Pantopoda	Pallenopsidae	Bathypallenopsis	Bathypallenopsis tydemani	Bathypallenopsis	tydemani	SPECIES	ACCEPTED	NE	13.801666	120.511665	654.0	14.0	{}	1985.0	6.0	2.0	1985-06-02T01:44/1985-06-02T02:24	153.0	153.0	['GEODETIC_DATUM_ASSUMED_WGS84', 'OCCURRENCE_STATUS_INFERRED_FROM_INDIVIDUAL_COUNT', 'INSTITUTION_MATCH_FUZZY']	2022-05-27T18:41:26.000+00:00	2024-07-24T12:24:43.430+00:00	http://creativecommons.org/licenses/by/4.0/legalcode	False	[{'identifier': 'http://coldb.mnhn.fr/catalognumber/mnhn/iu/2008-20614'}]	[]	[]	[]	6a6ac6c5-1b8a-48db-91a2-f8661274ff80	0641bf3b-29ad-42c9-b3c7-ffb5a76f6954	False	Bouchet & Triclot		WGS84	Pycnogonida	PH	[]	[]	ASIA	Philippines	EUROPE	http://coldb.mnhn.fr/catalognumber/mnhn/iu/2008-20614	2008-20614	MNHN	between Ambil I. & Luçon	MUSORSTOM 3/CP106	462402590	IU	http://coldb.mnhn.fr/catalognumber/mnhn/iu/2008-20614	10.15468/qgvvhd																																		
462403516	da6a07ed-9eee-460d-9448-910f542c1a7b	2cd829bb-b713-433d-99cf-64bef11e5b3e	['17abcf75-2f1e-46dd-bf75-a5b21dd02655']	86c2834b-fcd6-418d-9b32-aca45110a0fe	2cd829bb-b713-433d-99cf-64bef11e5b3e	FR	EML	2024-07-24T12:23:52.237+00:00	2024-07-24T12:24:43.430+00:00	564	{'http://rs.tdwg.org/dwc/terms/Identification': [{'http://rs.tdwg.org/dwc/terms/namePublishedInYear': '1908', 'http://rs.tdwg.org/dwc/terms/order': 'Pantopoda', 'http://rs.tdwg.org/dwc/terms/higherClassification': 'Bathypallenopsis;Pallenopsidae;Pantopoda;Arthropoda', 'http://rs.tdwg.org/dwc/terms/scientificNameAuthorship': '(Loman, 1908)', 'http://rs.tdwg.org/dwc/terms/class': 'Pycnogonida', 'http://rs.tdwg.org/dwc/terms/identificationID': 'INVMAR|117590', 'http://rs.tdwg.org/dwc/terms/family': 'Pallenopsidae', 'http://rs.tdwg.org/dwc/terms/genus': 'Bathypallenopsis', 'http://rs.tdwg.org/dwc/terms/specificEpithet': 'tydemani', 'http://rs.tdwg.org/dwc/terms/identificationVerificationStatus': '1', 'http://rs.tdwg.org/dwc/terms/taxonID': 'INVMAR|13705', 'http://rs.tdwg.org/dwc/terms/phylum': 'Arthropoda', 'http://rs.tdwg.org/dwc/terms/scientificName': 'Bathypallenopsis tydemani (Loman, 1908)'}]}	PRESERVED_SPECIMEN	1.0	PRESENT	4338434	1	54	354	9477065	3254684	4338408	4338434	4338434	Bathypallenopsis tydemani (Loman, 1908)	Bathypallenopsis tydemani (Loman, 1908)	Animalia	Arthropoda	Pantopoda	Pallenopsidae	Bathypallenopsis	Bathypallenopsis tydemani	Bathypallenopsis	tydemani	SPECIES	ACCEPTED	NE	13.801666	120.511665	654.0	14.0	{}	1985.0	6.0	2.0	1985-06-02T01:44/1985-06-02T02:24	153.0	153.0	['GEODETIC_DATUM_ASSUMED_WGS84', 'OCCURRENCE_STATUS_INFERRED_FROM_INDIVIDUAL_COUNT', 'INSTITUTION_MATCH_FUZZY']	2015-06-19T19:23:01.000+00:00	2024-07-24T12:24:43.430+00:00	http://creativecommons.org/licenses/by/4.0/legalcode	False	[{'identifier': 'http://coldb.mnhn.fr/catalognumber/mnhn/iu/2008-20615'}]	[]	[]	[]	6a6ac6c5-1b8a-48db-91a2-f8661274ff80	0641bf3b-29ad-42c9-b3c7-ffb5a76f6954	False	Bouchet & Triclot		WGS84	Pycnogonida	PH	[]	[]	ASIA	Philippines	EUROPE	http://coldb.mnhn.fr/catalognumber/mnhn/iu/2008-20615	2008-20615	MNHN	between Ambil I. & Luçon	MUSORSTOM 3/CP106	462403516	IU	http://coldb.mnhn.fr/catalognumber/mnhn/iu/2008-20615	10.15468/qgvvhd																																		
1055507515	7e380070-f762-11e1-a439-00145eb45e9a	19456090-b49a-11d8-abeb-b8a03c50a862	['17abcf75-2f1e-46dd-bf75-a5b21dd02655', '99d66b6c-9087-452f-a9d4-f15f2c2d0e7e']	60277b56-f762-11e1-a439-00145eb45e9a	19456090-b49a-11d8-abeb-b8a03c50a862	GB	DWC_ARCHIVE	2024-07-23T03:26:56.939+00:00	2024-07-23T06:18:11.911+00:00	391	{}	PRESERVED_SPECIMEN	1.0	PRESENT	2117472	1	54	354	9477065	3254684	4338408	4338434	4338434	Pallenopsis tydemani Loman, 1908	Bathypallenopsis tydemani (Loman, 1908)	Animalia	Arthropoda	Pantopoda	Pallenopsidae	Bathypallenopsis	Bathypallenopsis tydemani	Pallenopsis	tydemani	SPECIES	SYNONYM	NE	49.35	-12.8167	1400.0		{}	1978.0	4.0	24.0	1978-04-24	114.0	114.0	['GEODETIC_DATUM_ASSUMED_WGS84', 'COUNTRY_DERIVED_FROM_COORDINATES', 'MODIFIED_DATE_INVALID', 'INSTITUTION_MATCH_FUZZY', 'INSTITUTION_COLLECTION_MISMATCH']		2024-07-23T06:18:11.911+00:00	http://creativecommons.org/publicdomain/zero/1.0/legalcode	False	[{'identifier': '3666078'}]	[]	[]	[]	1d808a7c-1f9e-4379-9616-edb749ecf10e		False		Dr Roger Bamber	WGS84	Pycnogonida	IE	[]	[]	EUROPE	Ireland	EUROPE	3666078	1998.1229	NHMUK		Station 9779[hash]1	1055507515	ZOO	4e547a96-b22a-4335-8428-12fe37b65a74								NHMUK:ecatalogue:3666078					"{""associatedMediaCount"": null, ""barcode"": ""010984651"", ""catalogueDescription"": null, ""chondriteAchondrite"": null, ""chronostratigraphy"": null, ""clutchSize"": null, ""collectionKind"": null, ""collectionName"": null, ""commodity"": null, ""created"": 1180304619000, ""currentScientificName"": null, ""dateRegistered"": null, ""depositType"": null, ""determinationFiledAs"": ""Yes"", ""determinationNames"": ""Pallenopsis tydemani Loman, 1908"", ""determinationTypes"": null, ""donorName"": ""Dr Roger Bamber"", ""expedition"": null, ""exsiccata"": null, ""exsiccataNumber"": null, ""extractionMethod"": null, ""gbifID"": ""1055507515"", ""gbifIssue"": [""GEODETIC_DATUM_ASSUMED_WGS84"", ""COUNTRY_DERIVED_FROM_COORDINATES""], ""identificationAsRegistered"": null, ""identificationDescription"": null, ""identificationOther"": null, ""identificationVariety"": null, ""kindOfCollection"": ""wet"", ""kindOfObject"": null, ""lithostratigraphy"": null, ""meteoriteClass"": null, ""meteoriteGroup"": null, ""meteoriteType"": null, ""mine"": null, ""mineralComplex"": null, ""observedWeight"": null, ""occurrence"": null, ""partType"": null, ""petrologySubtype"": null, ""petrologyType"": null, ""plantDescription"": null, ""populationCode"": null, ""preparationType"": null, ""preservative"": ""IMS"", ""project"": null, ""recovery"": null, ""recoveryDate"": null, ""recoveryWeight"": null, ""registeredWeightUnit"": null, ""registrationCode"": ""INEA"", ""resuspendedIn"": null, ""setMark"": null, ""subDepartment"": ""LS Minor phyla"", ""subfamily"": null, ""suborder"": null, ""superfamily"": null, ""texture"": null, ""totalVolume"": null, ""vessel"": null}"														Animalia; Arthropoda; Chelicerata; Pycnogonida; Pantopoda; Pallenopsidae								
1056144938	7e380070-f762-11e1-a439-00145eb45e9a	19456090-b49a-11d8-abeb-b8a03c50a862	['17abcf75-2f1e-46dd-bf75-a5b21dd02655', '99d66b6c-9087-452f-a9d4-f15f2c2d0e7e']	60277b56-f762-11e1-a439-00145eb45e9a	19456090-b49a-11d8-abeb-b8a03c50a862	GB	DWC_ARCHIVE	2024-07-23T03:26:56.939+00:00	2024-07-23T06:18:11.912+00:00	391	{}	PRESERVED_SPECIMEN	1.0	PRESENT	2117472	1	54	354	9477065	3254684	4338408	4338434	4338434	Pallenopsis tydemani Loman, 1908	Bathypallenopsis tydemani (Loman, 1908)	Animalia	Arthropoda	Pantopoda	Pallenopsidae	Bathypallenopsis	Bathypallenopsis tydemani	Pallenopsis	tydemani	SPECIES	SYNONYM	NE	29.3333	-12.27	1576.0		{}	1972.0	7.0	17.0	1972-07-17	199.0	199.0	['GEODETIC_DATUM_ASSUMED_WGS84', 'COUNTRY_DERIVED_FROM_COORDINATES', 'MODIFIED_DATE_INVALID', 'INSTITUTION_MATCH_FUZZY', 'INSTITUTION_COLLECTION_MISMATCH']		2024-07-23T06:18:11.912+00:00	http://creativecommons.org/publicdomain/zero/1.0/legalcode	False	[{'identifier': '3666081'}]	[]	[]	[]	1d808a7c-1f9e-4379-9616-edb749ecf10e		False		Dr Roger Bamber	WGS84	Pycnogonida	ES	[]	[]	EUROPE	Spain	EUROPE	3666081	1998.1230	NHMUK		Station 7967	1056144938	ZOO	bc229edf-05a8-47c3-939d-14893b21cfa5								NHMUK:ecatalogue:3666081					"{""associatedMediaCount"": null, ""barcode"": ""010984652"", ""catalogueDescription"": null, ""chondriteAchondrite"": null, ""chronostratigraphy"": null, ""clutchSize"": null, ""collectionKind"": null, ""collectionName"": null, ""commodity"": null, ""created"": 1180304619000, ""currentScientificName"": null, ""dateRegistered"": null, ""depositType"": null, ""determinationFiledAs"": ""Yes"", ""determinationNames"": ""Pallenopsis tydemani Loman, 1908"", ""determinationTypes"": null, ""donorName"": ""Dr Roger Bamber"", ""expedition"": null, ""exsiccata"": null, ""exsiccataNumber"": null, ""extractionMethod"": null, ""gbifID"": ""1056144938"", ""gbifIssue"": [""GEODETIC_DATUM_ASSUMED_WGS84"", ""COUNTRY_DERIVED_FROM_COORDINATES""], ""identificationAsRegistered"": null, ""identificationDescription"": null, ""identificationOther"": null, ""identificationVariety"": null, ""kindOfCollection"": ""wet"", ""kindOfObject"": null, ""lithostratigraphy"": null, ""meteoriteClass"": null, ""meteoriteGroup"": null, ""meteoriteType"": null, ""mine"": null, ""mineralComplex"": null, ""observedWeight"": null, ""occurrence"": null, ""partType"": null, ""petrologySubtype"": null, ""petrologyType"": null, ""plantDescription"": null, ""populationCode"": null, ""preparationType"": null, ""preservative"": ""IMS"", ""project"": null, ""recovery"": null, ""recoveryDate"": null, ""recoveryWeight"": null, ""registeredWeightUnit"": null, ""registrationCode"": ""INEA"", ""resuspendedIn"": null, ""setMark"": null, ""subDepartment"": ""LS Minor phyla"", ""subfamily"": null, ""suborder"": null, ""superfamily"": null, ""texture"": null, ""totalVolume"": null, ""vessel"": null}"														Animalia; Arthropoda; Chelicerata; Pycnogonida; Pantopoda; Pallenopsidae								
1317873679	821cc27a-e3bb-4bc5-ac34-89ada245069d	bc092ff0-02e4-11dc-991f-b8a03c50a862	['99d66b6c-9087-452f-a9d4-f15f2c2d0e7e']	b2ff19b5-d74f-40d2-82f1-ec5db01e8e31	bc092ff0-02e4-11dc-991f-b8a03c50a862	US	EML	2024-07-02T10:46:41.039+00:00	2024-07-02T12:37:01.858+00:00	395	{}	PRESERVED_SPECIMEN	1.0	PRESENT	2117472	1	54	354	9477065	3254684	4338408	4338434	4338434	Pallenopsis tydemani Loman, 1908	Bathypallenopsis tydemani (Loman, 1908)	Animalia	Arthropoda	Pantopoda	Pallenopsidae	Bathypallenopsis	Bathypallenopsis tydemani	Pallenopsis	tydemani	SPECIES	SYNONYM	NE	51.5367	-12.5483	1495.5	4.5	{}	1972.0	8.0	17.0	1972-08-17	230.0	230.0	['GEODETIC_DATUM_ASSUMED_WGS84', 'COUNTRY_DERIVED_FROM_COORDINATES', 'CONTINENT_INVALID', 'TAXON_MATCH_HIGHERRANK', 'DEPTH_MIN_MAX_SWAPPED', 'OCCURRENCE_STATUS_INFERRED_FROM_INDIVIDUAL_COUNT']	2014-10-20T15:09:00.000+00:00	2024-07-02T12:37:01.858+00:00	http://creativecommons.org/publicdomain/zero/1.0/legalcode	False	[{'identifier': 'http://n2t.net/ark:/65665/31db13090-a5d3-4bd9-a924-3840778edfc4'}]	[]	[]	[]	586ee56e-b0fe-4dff-b7f9-aeb104f3308a	0174f5b3-da29-4967-b8dc-ce75ed53e35d	False		Child, C. Allan, (IZ), Smithsonian Institution - National Museum of Natural History (UNITED STATES)	WGS84	Pycnogonida	IE	[]	[]	EUROPE	Ireland	NORTH_AMERICA	http://n2t.net/ark:/65665/31db13090-a5d3-4bd9-a924-3840778edfc4	USNM 181009	USNM	West European Basin, SW Of Ireland		1317873679	IZ	http://n2t.net/ark:/65665/31db13090-a5d3-4bd9-a924-3840778edfc4	urn:uuid:f14c21a9-8cbf-4c8b-817f-d19d427e2dd6		FEMALE				North Atlantic Ocean													North Atlantic Ocean	NMNH Extant Biology	Alcohol (Ethanol)	urn:lsid:biocol.org:col:34871	unknown, from legacy	Degrees Minutes Seconds	313	Animalia, Arthropoda, Chelicerata, Pycnogonida, Pantopoda, Pallenopsidae	17 AUG 1972							
1318278157	821cc27a-e3bb-4bc5-ac34-89ada245069d	bc092ff0-02e4-11dc-991f-b8a03c50a862	['99d66b6c-9087-452f-a9d4-f15f2c2d0e7e']	b2ff19b5-d74f-40d2-82f1-ec5db01e8e31	bc092ff0-02e4-11dc-991f-b8a03c50a862	US	EML	2024-07-02T10:46:41.039+00:00	2024-07-02T12:38:38.573+00:00	395	{}	PRESERVED_SPECIMEN	1.0	PRESENT	2117472	1	54	354	9477065	3254684	4338408	4338434	4338434	Pallenopsis tydemani Loman, 1908	Bathypallenopsis tydemani (Loman, 1908)	Animalia	Arthropoda	Pantopoda	Pallenopsidae	Bathypallenopsis	Bathypallenopsis tydemani	Pallenopsis	tydemani	SPECIES	SYNONYM	NE	50.1383	-13.895	3347.0	9.0	{}	1972.0	8.0	21.0	1972-08-21	234.0	234.0	['GEODETIC_DATUM_ASSUMED_WGS84', 'COUNTRY_DERIVED_FROM_COORDINATES', 'CONTINENT_INVALID', 'TAXON_MATCH_HIGHERRANK', 'OCCURRENCE_STATUS_INFERRED_FROM_INDIVIDUAL_COUNT']	2014-10-20T15:09:00.000+00:00	2024-07-02T12:38:38.573+00:00	http://creativecommons.org/publicdomain/zero/1.0/legalcode	False	[{'identifier': 'http://n2t.net/ark:/65665/32f93add7-d3cb-41be-901a-79a213325fa9'}]	[]	[]	[]	586ee56e-b0fe-4dff-b7f9-aeb104f3308a	0174f5b3-da29-4967-b8dc-ce75ed53e35d	False		Child, C. Allan, (IZ), Smithsonian Institution - National Museum of Natural History (UNITED STATES)	WGS84	Pycnogonida	IE	[]	[]	EUROPE	Ireland	NORTH_AMERICA	http://n2t.net/ark:/65665/32f93add7-d3cb-41be-901a-79a213325fa9	USNM 181010	USNM	West European Basin, SW Of Ireland		1318278157	IZ	http://n2t.net/ark:/65665/32f93add7-d3cb-41be-901a-79a213325fa9	urn:uuid:f14c21a9-8cbf-4c8b-817f-d19d427e2dd6						North Atlantic Ocean											Juvenile		North Atlantic Ocean	NMNH Extant Biology	Alcohol (Ethanol)	urn:lsid:biocol.org:col:34871	unknown, from legacy	Degrees Minutes Seconds	106-323	Animalia, Arthropoda, Chelicerata, Pycnogonida, Pantopoda, Pallenopsidae	21 AUG 1972							
1320006821	821cc27a-e3bb-4bc5-ac34-89ada245069d	bc092ff0-02e4-11dc-991f-b8a03c50a862	['99d66b6c-9087-452f-a9d4-f15f2c2d0e7e']	b2ff19b5-d74f-40d2-82f1-ec5db01e8e31	bc092ff0-02e4-11dc-991f-b8a03c50a862	US	EML	2024-07-02T10:46:41.039+00:00	2024-07-02T12:37:49.100+00:00	395	{}	PRESERVED_SPECIMEN	1.0	PRESENT	2117472	1	54	354	9477065	3254684	4338408	4338434	4338434	Pallenopsis tydemani Loman, 1908	Bathypallenopsis tydemani (Loman, 1908)	Animalia	Arthropoda	Pantopoda	Pallenopsidae	Bathypallenopsis	Bathypallenopsis tydemani	Pallenopsis	tydemani	SPECIES	SYNONYM	NE	39.6383	-67.9633	2862.0	0.0	{}	1965.0	6.0	29.0	1965-06-29	180.0	180.0	['GEODETIC_DATUM_ASSUMED_WGS84', 'CONTINENT_INVALID', 'TAXON_MATCH_HIGHERRANK', 'OCCURRENCE_STATUS_INFERRED_FROM_INDIVIDUAL_COUNT']	2017-08-16T15:20:00.000+00:00	2024-07-02T12:37:49.100+00:00	http://creativecommons.org/publicdomain/zero/1.0/legalcode	False	[{'identifier': 'http://n2t.net/ark:/65665/37c0d52f1-b994-43f6-aac0-ac6b5de2251b'}]	[]	[]	[]	586ee56e-b0fe-4dff-b7f9-aeb104f3308a	0174f5b3-da29-4967-b8dc-ce75ed53e35d	False	Woods Hole Oceanographic Institution	Child, C. Allan, (IZ), Smithsonian Institution - National Museum of Natural History (UNITED STATES)	WGS84	Pycnogonida	US	[]	[]	NORTH_AMERICA	United States of America	NORTH_AMERICA	http://n2t.net/ark:/65665/37c0d52f1-b994-43f6-aac0-ac6b5de2251b	USNM 181008	USNM			1320006821	IZ	http://n2t.net/ark:/65665/37c0d52f1-b994-43f6-aac0-ac6b5de2251b	urn:uuid:f14c21a9-8cbf-4c8b-817f-d19d427e2dd6		MALE				North Atlantic Ocean													North Atlantic Ocean, United States	NMNH Extant Biology	Alcohol (Ethanol)	urn:lsid:biocol.org:col:34871	unknown, from legacy	Degrees Minutes Seconds	76	Animalia, Arthropoda, Chelicerata, Pycnogonida, Pantopoda, Pallenopsidae	29 JUN 1965							
1320754482	821cc27a-e3bb-4bc5-ac34-89ada245069d	bc092ff0-02e4-11dc-991f-b8a03c50a862	['99d66b6c-9087-452f-a9d4-f15f2c2d0e7e']	b2ff19b5-d74f-40d2-82f1-ec5db01e8e31	bc092ff0-02e4-11dc-991f-b8a03c50a862	US	EML	2024-07-02T10:46:41.039+00:00	2024-07-02T12:37:44.662+00:00	395	{}	PRESERVED_SPECIMEN	1.0	PRESENT	2117472	1	54	354	9477065	3254684	4338408	4338434	4338434	Pallenopsis tydemani Loman, 1908	Bathypallenopsis tydemani (Loman, 1908)	Animalia	Arthropoda	Pantopoda	Pallenopsidae	Bathypallenopsis	Bathypallenopsis tydemani	Pallenopsis	tydemani	SPECIES	SYNONYM	NE	24.2	-81.2833	694.0	15.0	{}	1964.0	9.0	15.0	1964-09-15	259.0	259.0	['GEODETIC_DATUM_ASSUMED_WGS84', 'CONTINENT_INVALID', 'TAXON_MATCH_HIGHERRANK', 'OCCURRENCE_STATUS_INFERRED_FROM_INDIVIDUAL_COUNT']	2018-03-28T12:08:00.000+00:00	2024-07-02T12:37:44.662+00:00	http://creativecommons.org/publicdomain/zero/1.0/legalcode	False	[{'identifier': 'http://n2t.net/ark:/65665/39d1f9bea-289f-44f6-b69f-839f1cb0dec4'}]	[]	[]	[]	586ee56e-b0fe-4dff-b7f9-aeb104f3308a	0174f5b3-da29-4967-b8dc-ce75ed53e35d	True	University of Miami	Stock, Jan H., Zoological Museum Amsterdam	WGS84	Pycnogonida	US	[]	[]	NORTH_AMERICA	United States of America	NORTH_AMERICA	http://n2t.net/ark:/65665/39d1f9bea-289f-44f6-b69f-839f1cb0dec4	USNM 149223	USNM	Florida Keys, American Shoals, SE of	G366	1320754482	IZ	http://n2t.net/ark:/65665/39d1f9bea-289f-44f6-b69f-839f1cb0dec4	urn:uuid:f14c21a9-8cbf-4c8b-817f-d19d427e2dd6		FEMALE				North Atlantic Ocean, Gulf of Mexico												Florida	North Atlantic Ocean, Gulf of Mexico, United States, Florida	NMNH Extant Biology	Alcohol (Ethanol)	urn:lsid:biocol.org:col:34871	unknown, from legacy	Degrees Minutes Seconds	366	Animalia, Arthropoda, Chelicerata, Pycnogonida, Pantopoda, Pallenopsidae		PARATYPE						
1321906357	821cc27a-e3bb-4bc5-ac34-89ada245069d	bc092ff0-02e4-11dc-991f-b8a03c50a862	['99d66b6c-9087-452f-a9d4-f15f2c2d0e7e']	b2ff19b5-d74f-40d2-82f1-ec5db01e8e31	bc092ff0-02e4-11dc-991f-b8a03c50a862	US	EML	2024-07-02T10:46:41.039+00:00	2024-07-02T12:38:18.671+00:00	395	{}	PRESERVED_SPECIMEN	1.0	PRESENT	2117472	1	54	354	9477065	3254684	4338408	4338434	4338434	Pallenopsis tydemani Loman, 1908	Bathypallenopsis tydemani (Loman, 1908)	Animalia	Arthropoda	Pantopoda	Pallenopsidae	Bathypallenopsis	Bathypallenopsis tydemani	Pallenopsis	tydemani	SPECIES	SYNONYM	NE	24.2	-81.2833	694.0	15.0	{}	1964.0	9.0	15.0	1964-09-15	259.0	259.0	['GEODETIC_DATUM_ASSUMED_WGS84', 'CONTINENT_INVALID', 'TAXON_MATCH_HIGHERRANK', 'OCCURRENCE_STATUS_INFERRED_FROM_INDIVIDUAL_COUNT']	2018-03-28T12:08:00.000+00:00	2024-07-02T12:38:18.671+00:00	http://creativecommons.org/publicdomain/zero/1.0/legalcode	False	[{'identifier': 'http://n2t.net/ark:/65665/3d0147ff9-0b46-4b5d-9784-24253c4f599d'}]	[]	[]	[]	586ee56e-b0fe-4dff-b7f9-aeb104f3308a	0174f5b3-da29-4967-b8dc-ce75ed53e35d	True	University of Miami	Stock, Jan H., Zoological Museum Amsterdam	WGS84	Pycnogonida	US	[]	[]	NORTH_AMERICA	United States of America	NORTH_AMERICA	http://n2t.net/ark:/65665/3d0147ff9-0b46-4b5d-9784-24253c4f599d	USNM 149222	USNM	Florida Keys, American Shoals, SE of	G366	1321906357	IZ	http://n2t.net/ark:/65665/3d0147ff9-0b46-4b5d-9784-24253c4f599d	urn:uuid:f14c21a9-8cbf-4c8b-817f-d19d427e2dd6		FEMALE				North Atlantic Ocean, Gulf of Mexico												Florida	North Atlantic Ocean, Gulf of Mexico, United States, Florida	NMNH Extant Biology	Alcohol (Ethanol)	urn:lsid:biocol.org:col:34871	unknown, from legacy	Degrees Minutes Seconds	366	Animalia, Arthropoda, Chelicerata, Pycnogonida, Pantopoda, Pallenopsidae		HOLOTYPE						
2434365512	b4aad9c3-518b-4550-82de-c70a7ead1b64	396d5f30-dea9-11db-8ab4-b8a03c50a862	['17abcf75-2f1e-46dd-bf75-a5b21dd02655']	65eb93af-41b8-4917-a5fc-cfe2a45aa4bf	396d5f30-dea9-11db-8ab4-b8a03c50a862	NL	DWC_ARCHIVE	2024-07-23T00:32:26.361+00:00	2024-07-23T00:33:37.444+00:00	393	{'http://rs.tdwg.org/ac/terms/Multimedia': [{'http://rs.tdwg.org/ac/terms/accessURI': 'https://medialib.naturalis.nl/file/id/ZMA.PYC.P.1361/format/large', 'http://ns.adobe.com/xap/1.0/rights/Owner': 'Naturalis Biodiversity Center', 'http://rs.tdwg.org/ac/terms/caption': 'ZMA.PYC.P.1361_0', 'http://purl.org/dc/terms/format': 'image/jpeg', 'http://purl.org/dc/elements/1.1/type': 'StillImage', 'http://rs.tdwg.org/ac/terms/variant': 'ac:GoodQuality', 'http://purl.org/dc/terms/identifier': 'https://medialib.naturalis.nl/file/id/ZMA.PYC.P.1361/format/large', 'http://purl.org/dc/terms/rights': 'CC0 1.0'}]}	PRESERVED_SPECIMEN		PRESENT	2117472	1	54	354	9477065	3254684	4338408	4338434	4338434	Pallenopsis tydemani Loman, 1908	Bathypallenopsis tydemani (Loman, 1908)	Animalia	Arthropoda	Pantopoda	Pallenopsidae	Bathypallenopsis	Bathypallenopsis tydemani	Pallenopsis	tydemani	SPECIES	SYNONYM	NE					{}	1964.0	9.0	15.0	1964-09-15	259.0	259.0	['TAXON_MATCH_HIGHERRANK', 'COLLECTION_MATCH_NONE', 'INSTITUTION_MATCH_FUZZY']	2020-04-03T00:00:00.000+00:00	2024-07-23T00:33:37.444+00:00	http://creativecommons.org/publicdomain/zero/1.0/legalcode	False	[{'identifier': 'ZMA.PYC.P.1361@CRS'}]	[{'type': 'StillImage', 'format': 'image/jpeg', 'description': 'ZMA.PYC.P.1361_0', 'license': 'http://creativecommons.org/publicdomain/zero/1.0/', 'rightsHolder': 'Naturalis Biodiversity Center', 'identifier': 'https://medialib.naturalis.nl/file/id/ZMA.PYC.P.1361/format/large'}]	[]	[]	0e919a55-08d3-4bd2-aec1-200858fafd92		True				Pycnogonida		[]	[]			EUROPE	ZMA.PYC.P.1361@CRS	ZMA.PYC.P.1361				2434365512	Chelicerata and Myriapoda	https://data.biodiversitydata.nl/naturalis/specimen/ZMA.PYC.P.1361			FEMALE																			WholeOrganism (microscopic slide)	Naturalis Biodiversity Center				Animalia	15 sep.1964	HOLOTYPE	Naturalis Biodiversity Center	ICZN				
723290280	534abda8-18f5-11e2-98fb-00145eb45e9a	4fd82480-ea1c-11da-8db4-b8a03c50a862		82d6992a-b20b-4e74-b6ac-6b971b2c485d	4fd82480-ea1c-11da-8db4-b8a03c50a862	JP	EML	2023-10-14T04:19:14.400+00:00	2024-01-24T18:21:03.388+00:00	301	{}	PRESERVED_SPECIMEN		PRESENT	4338434	1	54	354	9477065	3254684	4338408	4338434	4338434	Bathypallenopsis tydemani (Loman, 1908)	Bathypallenopsis tydemani (Loman, 1908)	Animalia	Arthropoda	Pantopoda	Pallenopsidae	Bathypallenopsis	Bathypallenopsis tydemani	Bathypallenopsis	tydemani	SPECIES	ACCEPTED	NE			150.0	50.0	{}	1944.0	3.0		1944-03-01/1944-03-31	61.0	91.0	['INSTITUTION_MATCH_FUZZY', 'INSTITUTION_COLLECTION_MISMATCH']	2011-12-01T05:00:38.000+00:00	2024-01-24T18:21:03.388+00:00	http://creativecommons.org/licenses/by/4.0/legalcode	False	[{'identifier': '149'}]	[]	[]	[]	ade773d3-c637-4fd1-be56-c1ebecb4908f		False				Pycnogonida	JP	[]	[]	ASIA	Japan	ASIA	149	9009	SMBL	off Minabe		723290280	Art	9a623a86-f8b6-11e6-9feb-70e2840fc270							Pacific												Wakayama	Pacific|Japan|Wakayama|Hidaka-gun Minabecho|off Minabe							Animalia|Arthropoda|Pycnogonida|Pantopoda|Callipallenidae|Bathypallenopsis|tydemani					オナガカギノテウミグモ	Hidaka-gun Minabecho	en	text
1319565041	821cc27a-e3bb-4bc5-ac34-89ada245069d	bc092ff0-02e4-11dc-991f-b8a03c50a862	['99d66b6c-9087-452f-a9d4-f15f2c2d0e7e']	b2ff19b5-d74f-40d2-82f1-ec5db01e8e31	bc092ff0-02e4-11dc-991f-b8a03c50a862	US	EML	2024-07-02T10:46:41.039+00:00	2024-07-02T12:37:55.421+00:00	395	{}	PRESERVED_SPECIMEN	1.0	PRESENT	2117472	1	54	354	9477065	3254684	4338408	4338434	4338434	Pallenopsis tydemani Loman, 1908	Bathypallenopsis tydemani (Loman, 1908)	Animalia	Arthropoda	Pantopoda	Pallenopsidae	Bathypallenopsis	Bathypallenopsis tydemani	Pallenopsis	tydemani	SPECIES	SYNONYM	NE	31.6667	129.494	401.5	392.5	{}	1906.0	8.0	11.0	1906-08-11	223.0	223.0	['GEODETIC_DATUM_ASSUMED_WGS84', 'CONTINENT_INVALID', 'TAXON_MATCH_HIGHERRANK', 'OCCURRENCE_STATUS_INFERRED_FROM_INDIVIDUAL_COUNT']	2015-06-30T11:31:00.000+00:00	2024-07-02T12:37:55.421+00:00	http://creativecommons.org/publicdomain/zero/1.0/legalcode	False	[{'identifier': 'http://n2t.net/ark:/65665/3687dbe3d-81dd-4e5e-905f-ff846fcb2cdf'}]	[]	[]	[]	586ee56e-b0fe-4dff-b7f9-aeb104f3308a	0174f5b3-da29-4967-b8dc-ce75ed53e35d	False	United States Fish Commission	Hedgpeth, J. W.	WGS84	Pycnogonida	JP	[]	[]	ASIA	Japan	NORTH_AMERICA	http://n2t.net/ark:/65665/3687dbe3d-81dd-4e5e-905f-ff846fcb2cdf	USNM 80547	USNM	Koshiki Island	USFC/A4908	1319565041	IZ	http://n2t.net/ark:/65665/3687dbe3d-81dd-4e5e-905f-ff846fcb2cdf	urn:uuid:f14c21a9-8cbf-4c8b-817f-d19d427e2dd6		FEMALE				North Pacific Ocean, East China Sea												Kagoshima	North Pacific Ocean, East China Sea, Japan, Kagoshima	NMNH Extant Biology	Alcohol (Ethanol)	urn:lsid:biocol.org:col:34871		Degrees Minutes Seconds	4908	Animalia, Arthropoda, Chelicerata, Pycnogonida, Pantopoda, Pallenopsidae								
2434363514	b4aad9c3-518b-4550-82de-c70a7ead1b64	396d5f30-dea9-11db-8ab4-b8a03c50a862	['17abcf75-2f1e-46dd-bf75-a5b21dd02655']	65eb93af-41b8-4917-a5fc-cfe2a45aa4bf	396d5f30-dea9-11db-8ab4-b8a03c50a862	NL	DWC_ARCHIVE	2024-07-23T00:32:26.361+00:00	2024-07-23T00:33:38.855+00:00	393	{'http://rs.tdwg.org/ac/terms/Multimedia': [{'http://rs.tdwg.org/ac/terms/accessURI': 'https://medialib.naturalis.nl/file/id/ZMA.PYC.P.1362/format/large', 'http://ns.adobe.com/xap/1.0/rights/Owner': 'Naturalis Biodiversity Center', 'http://rs.tdwg.org/ac/terms/caption': 'ZMA.PYC.P.1362_0', 'http://purl.org/dc/terms/format': 'image/jpeg', 'http://purl.org/dc/elements/1.1/type': 'StillImage', 'http://rs.tdwg.org/ac/terms/variant': 'ac:GoodQuality', 'http://purl.org/dc/terms/identifier': 'https://medialib.naturalis.nl/file/id/ZMA.PYC.P.1362/format/large', 'http://purl.org/dc/terms/rights': 'CC0 1.0'}]}	PRESERVED_SPECIMEN		PRESENT	2117472	1	54	354	9477065	3254684	4338408	4338434	4338434	Pallenopsis tydemani Loman, 1908	Bathypallenopsis tydemani (Loman, 1908)	Animalia	Arthropoda	Pantopoda	Pallenopsidae	Bathypallenopsis	Bathypallenopsis tydemani	Pallenopsis	tydemani	SPECIES	SYNONYM	NE					{}							['COLLECTION_MATCH_NONE', 'INSTITUTION_MATCH_FUZZY']	2020-04-03T00:00:00.000+00:00	2024-07-23T00:33:38.855+00:00	http://creativecommons.org/publicdomain/zero/1.0/legalcode	False	[{'identifier': 'ZMA.PYC.P.1362@CRS'}]	[{'type': 'StillImage', 'format': 'image/jpeg', 'description': 'ZMA.PYC.P.1362_0', 'license': 'http://creativecommons.org/publicdomain/zero/1.0/', 'rightsHolder': 'Naturalis Biodiversity Center', 'identifier': 'https://medialib.naturalis.nl/file/id/ZMA.PYC.P.1362/format/large'}]	[]	[]	0e919a55-08d3-4bd2-aec1-200858fafd92		False				Pycnogonida		[]	[]			EUROPE	ZMA.PYC.P.1362@CRS	ZMA.PYC.P.1362				2434363514	Chelicerata and Myriapoda	https://data.biodiversitydata.nl/naturalis/specimen/ZMA.PYC.P.1362			FEMALE																			WholeOrganism (microscopic slide)	Naturalis Biodiversity Center				Animalia			Naturalis Biodiversity Center	ICZN				
2434361515	b4aad9c3-518b-4550-82de-c70a7ead1b64	396d5f30-dea9-11db-8ab4-b8a03c50a862	['17abcf75-2f1e-46dd-bf75-a5b21dd02655']	65eb93af-41b8-4917-a5fc-cfe2a45aa4bf	396d5f30-dea9-11db-8ab4-b8a03c50a862	NL	DWC_ARCHIVE	2024-07-23T00:32:26.361+00:00	2024-07-23T00:33:36.491+00:00	393	{'http://rs.tdwg.org/ac/terms/Multimedia': [{'http://rs.tdwg.org/ac/terms/accessURI': 'https://medialib.naturalis.nl/file/id/ZMA.PYC.P.1364/format/large', 'http://ns.adobe.com/xap/1.0/rights/Owner': 'Naturalis Biodiversity Center', 'http://rs.tdwg.org/ac/terms/caption': 'ZMA.PYC.P.1364_0', 'http://purl.org/dc/terms/format': 'image/jpeg', 'http://purl.org/dc/elements/1.1/type': 'StillImage', 'http://rs.tdwg.org/ac/terms/variant': 'ac:GoodQuality', 'http://purl.org/dc/terms/identifier': 'https://medialib.naturalis.nl/file/id/ZMA.PYC.P.1364/format/large', 'http://purl.org/dc/terms/rights': 'CC0 1.0'}]}	PRESERVED_SPECIMEN		PRESENT	2117472	1	54	354	9477065	3254684	4338408	4338434	4338434	Pallenopsis tydemani Loman, 1908	Bathypallenopsis tydemani (Loman, 1908)	Animalia	Arthropoda	Pantopoda	Pallenopsidae	Bathypallenopsis	Bathypallenopsis tydemani	Pallenopsis	tydemani	SPECIES	SYNONYM	NE					{}							['COLLECTION_MATCH_NONE', 'INSTITUTION_MATCH_FUZZY']	2020-04-03T00:00:00.000+00:00	2024-07-23T00:33:36.491+00:00	http://creativecommons.org/publicdomain/zero/1.0/legalcode	False	[{'identifier': 'ZMA.PYC.P.1364@CRS'}]	[{'type': 'StillImage', 'format': 'image/jpeg', 'description': 'ZMA.PYC.P.1364_0', 'license': 'http://creativecommons.org/publicdomain/zero/1.0/', 'rightsHolder': 'Naturalis Biodiversity Center', 'identifier': 'https://medialib.naturalis.nl/file/id/ZMA.PYC.P.1364/format/large'}]	[]	[]	0e919a55-08d3-4bd2-aec1-200858fafd92		True				Pycnogonida		[]	[]			EUROPE	ZMA.PYC.P.1364@CRS	ZMA.PYC.P.1364				2434361515	Chelicerata and Myriapoda	https://data.biodiversitydata.nl/naturalis/specimen/ZMA.PYC.P.1364			MALE																			WholeOrganism (microscopic slide)	Naturalis Biodiversity Center				Animalia		TYPE	Naturalis Biodiversity Center	ICZN				
