key	datasetKey	publishingOrgKey	installationKey	hostingOrganizationKey	publishingCountry	protocol	lastCrawled	lastParsed	crawlId	extensions	basisOfRecord	individualCount	occurrenceStatus	taxonKey	kingdomKey	phylumKey	classKey	orderKey	familyKey	genusKey	speciesKey	acceptedTaxonKey	scientificName	acceptedScientificName	kingdom	phylum	order	family	genus	species	genericName	specificEpithet	taxonRank	taxonomicStatus	iucnRedListCategory	dateIdentified	decimalLatitude	decimalLongitude	elevation	gadm	year	month	day	eventDate	startDayOfYear	endDayOfYear	issues	modified	lastInterpreted	references	license	isSequenced	identifiers	media	facts	relations	institutionKey	isInCluster	recordedBy	identifiedBy	preparations	geodeticDatum	class	countryCode	recordedByIDs	identifiedByIDs	gbifRegion	country	publishedByGbifRegion	rightsHolder	identifier	acceptedNameUsage	institutionID	locality	collectionCode	gbifID	occurrenceID	parentNameUsageID	previousIdentifications	institutionCode	acceptedNameUsageID	identificationRemarks	verbatimElevation	higherClassification	collectionID	parentNameUsage	continent	coordinateUncertaintyInMeters	datasetName	http://unknown.org/nick	verbatimEventDate	verbatimLocality	taxonID	catalogNumber	occurrenceRemarks	http://unknown.org/captive	identificationID	depth	depthAccuracy	waterBody	samplingProtocol	eventID	scientificNameID	footprintWKT	eventTime	fieldNumber	networkKeys	collectionKey	verbatimDepth	ownerInstitutionCode	parentEventID	stateProvince	county	language	type	locationID	bibliographicCitation	datasetID	verbatimIdentification	otherCatalogNumbers	habitat	georeferenceRemarks	higherGeography	dynamicProperties	lifeStage	organismQuantity	organismQuantityType	recordNumber	nomenclaturalCode	disposition	materialEntityID	georeferenceProtocol	verbatimCoordinateSystem	projectId	locationRemarks
3908970391	f49dd893-1e91-4ce6-9aa7-e1047ffee557	f5fc4e61-b7a0-414b-ab68-b41cb23e7fdc	91d2f516-bdfa-458f-bad1-66717101b49f	f5fc4e61-b7a0-414b-ab68-b41cb23e7fdc	RU	EML	2024-07-22T19:41:42.767+00:00	2024-07-22T19:41:57.206+00:00	440	{}	PRESERVED_SPECIMEN	1.0	PRESENT	2117751	1	54	354	9477065	2013	2117630	2117751	2117751	Nymphon serratum G.O.Sars, 1879	Nymphon serratum G.O.Sars, 1879	Animalia	Arthropoda	Pantopoda	Nymphonidae	Nymphon	Nymphon serratum	Nymphon	serratum	SPECIES	ACCEPTED	NE	2023-07-05T00:00:00	64.9	35.7	-55.0	{}	2022.0	8.0	5.0	2022-08-05	217.0	217.0	['GEODETIC_DATUM_ASSUMED_WGS84', 'OCCURRENCE_STATUS_INFERRED_FROM_INDIVIDUAL_COUNT', 'COLLECTION_MATCH_NONE']	2023-10-24T14:19:39.000+00:00	2024-07-22T19:41:57.206+00:00	https://animal.depo.msu.ru/open/public/item/206936130	http://creativecommons.org/licenses/by-nc/4.0/legalcode	False	[{'identifier': 'WS00000017374'}]	[]	[]	[]	943cd489-37ec-481f-9e53-2e3f7f99a972	False	Syomin V.L.;Artemieva A.;Sokolova A.K.;Neretin N.Y.;Kolbasova G.D.;Yakovis E.L.	Petrova M.	EtOH96°-1	WGS84	Pycnogonida	RU	[]	[]	EUROPE	Russian Federation	EUROPE	Zoological Museum of M.V. Lomonosov State University	WS00000017374	Pantopoda	http://grbio.org/cool/k3qp-615s	Arctic Ocean, White Sea, Onega Bay, Solovetsky Islands, Zayatski Islands Trench; PZ-VII_st.7	ZMMU_WS	3908970391	WS00000017374	113959735	Pantopoda gen. sp., ID: Neretin N.Y., 09.08.2022	ZMMU	113959736	Female	-35.0	Animalia|Arthropoda|Pycnogonida	112770707	Pycnogonida																																																	
1914304256	f49dd893-1e91-4ce6-9aa7-e1047ffee557	f5fc4e61-b7a0-414b-ab68-b41cb23e7fdc	91d2f516-bdfa-458f-bad1-66717101b49f	f5fc4e61-b7a0-414b-ab68-b41cb23e7fdc	RU	EML	2024-07-22T19:41:42.767+00:00	2024-07-22T19:42:01.214+00:00	440	{}	PRESERVED_SPECIMEN	1.0	PRESENT	2117751	1	54	354	9477065	2013	2117630	2117751	2117751	Nymphon serratum G.O.Sars, 1879	Nymphon serratum G.O.Sars, 1879	Animalia	Arthropoda	Pantopoda	Nymphonidae	Nymphon	Nymphon serratum	Nymphon	serratum	SPECIES	ACCEPTED	NE	2018-07-09T00:00:00	66.3	33.1	-15.0	{'level0': {'gid': 'RUS', 'name': 'Russia'}, 'level1': {'gid': 'RUS.26_1', 'name': 'Karelia'}, 'level2': {'gid': 'RUS.26.10_1', 'name': 'Loukhskiy rayon'}, 'level3': {'gid': 'RUS.26.10.1_1', 'name': ''}}	2018.0	7.0	6.0	2018-07-06	187.0	187.0	['GEODETIC_DATUM_ASSUMED_WGS84', 'CONTINENT_DERIVED_FROM_COORDINATES', 'OCCURRENCE_STATUS_INFERRED_FROM_INDIVIDUAL_COUNT', 'COLLECTION_MATCH_NONE']	2021-02-26T12:04:32.000+00:00	2024-07-22T19:42:01.214+00:00	https://animal.depo.msu.ru/open/public/item/119017531	http://creativecommons.org/licenses/by-nc/4.0/legalcode	False	[{'identifier': 'WS00000010556'}]	[{'type': 'StillImage', 'format': 'image/tiff', 'identifier': 'https://animal.depo.msu.ru/open/public/item/119017531/img/0.tif?gbif'}]	[]	[]	943cd489-37ec-481f-9e53-2e3f7f99a972	False		Petrova M.	DNA-1	WGS84	Pycnogonida	RU	[]	[]	EUROPE	Russian Federation	EUROPE	Zoological Museum of M.V. Lomonosov State University	WS00000010556	Nymphon serratum	http://grbio.org/cool/k3qp-615s	Arctic Ocean, White Sea, Kandalaksha Gulf, Velikaya Salma Strait; Kresrovye Island	ZMMU_WS	1914304256	WS00000010556	114006521		ZMMU	119038361			Animalia|Arthropoda|Pycnogonida|Pantopoda|Nymphonoidea|Nymphonidae|Nymphon	112770707	Nymphon	EUROPE																																																
4171283207	50c9509d-22c7-4a22-a47d-8c48425ef4a7	28eb1a3f-1c15-4a95-931a-4af90ecb574d	997448a8-f762-11e1-a439-00145eb45e9a	28eb1a3f-1c15-4a95-931a-4af90ecb574d	CA	DWC_ARCHIVE	2024-07-23T16:16:17.354+00:00	2024-07-24T06:09:01.309+00:00	474	{'http://rs.gbif.org/terms/1.0/Multimedia': [{'http://purl.org/dc/terms/creator': 'Claude Nozères', 'http://rs.tdwg.org/dwc/terms/catalogNumber': '302875768', 'http://purl.org/dc/terms/publisher': 'iNaturalist', 'http://purl.org/dc/terms/type': 'StillImage', 'http://purl.org/dc/terms/format': 'image/jpeg', 'http://purl.org/dc/terms/created': '2023-05-18T11:34:36-07:00', 'http://purl.org/dc/terms/license': 'http://creativecommons.org/licenses/by-nc/4.0/', 'http://purl.org/dc/terms/rightsHolder': 'Claude Nozères', 'http://purl.org/dc/terms/identifier': 'https://inaturalist-open-data.s3.amazonaws.com/photos/302875768/original.jpg', 'http://purl.org/dc/terms/references': 'https://www.inaturalist.org/photos/302875768'}, {'http://purl.org/dc/terms/creator': 'Claude Nozères', 'http://rs.tdwg.org/dwc/terms/catalogNumber': '302876780', 'http://purl.org/dc/terms/publisher': 'iNaturalist', 'http://purl.org/dc/terms/type': 'StillImage', 'http://purl.org/dc/terms/format': 'image/jpeg', 'http://purl.org/dc/terms/created': '2023-05-18T11:34:33-07:00', 'http://purl.org/dc/terms/license': 'http://creativecommons.org/licenses/by-nc/4.0/', 'http://purl.org/dc/terms/rightsHolder': 'Claude Nozères', 'http://purl.org/dc/terms/identifier': 'https://inaturalist-open-data.s3.amazonaws.com/photos/302876780/original.jpg', 'http://purl.org/dc/terms/references': 'https://www.inaturalist.org/photos/302876780'}, {'http://purl.org/dc/terms/creator': 'Claude Nozères', 'http://rs.tdwg.org/dwc/terms/catalogNumber': '302876789', 'http://purl.org/dc/terms/publisher': 'iNaturalist', 'http://purl.org/dc/terms/type': 'StillImage', 'http://purl.org/dc/terms/format': 'image/jpeg', 'http://purl.org/dc/terms/created': '2023-05-18T11:34:54-07:00', 'http://purl.org/dc/terms/license': 'http://creativecommons.org/licenses/by-nc/4.0/', 'http://purl.org/dc/terms/rightsHolder': 'Claude Nozères', 'http://purl.org/dc/terms/identifier': 'https://inaturalist-open-data.s3.amazonaws.com/photos/302876789/original.jpg', 'http://purl.org/dc/terms/references': 'https://www.inaturalist.org/photos/302876789'}, {'http://purl.org/dc/terms/creator': 'Claude Nozères', 'http://rs.tdwg.org/dwc/terms/catalogNumber': '302876790', 'http://purl.org/dc/terms/publisher': 'iNaturalist', 'http://purl.org/dc/terms/type': 'StillImage', 'http://purl.org/dc/terms/format': 'image/jpeg', 'http://purl.org/dc/terms/created': '2023-05-18T11:35:13-07:00', 'http://purl.org/dc/terms/license': 'http://creativecommons.org/licenses/by-nc/4.0/', 'http://purl.org/dc/terms/rightsHolder': 'Claude Nozères', 'http://purl.org/dc/terms/identifier': 'https://inaturalist-open-data.s3.amazonaws.com/photos/302876790/original.jpg', 'http://purl.org/dc/terms/references': 'https://www.inaturalist.org/photos/302876790'}]}	HUMAN_OBSERVATION		PRESENT	2117751	1	54	354	9477065	2013	2117630	2117751	2117751	Nymphon serratum G.O.Sars, 1879	Nymphon serratum G.O.Sars, 1879	Animalia	Arthropoda	Pantopoda	Nymphonidae	Nymphon	Nymphon serratum	Nymphon	serratum	SPECIES	ACCEPTED	NE	2023-07-22T20:44:22	61.743032	-66.529515		{}	2018.0	8.0	26.0	2018-08-26	238.0	238.0	['COORDINATE_ROUNDED', 'COUNTRY_DERIVED_FROM_COORDINATES', 'TAXON_MATCH_TAXON_ID_IGNORED']	2023-07-28T05:27:18.000+00:00	2024-07-24T06:09:01.309+00:00	https://www.inaturalist.org/observations/174347539	http://creativecommons.org/licenses/by-nc/4.0/legalcode	False	[{'identifier': '174347539'}]	[{'type': 'StillImage', 'format': 'image/jpeg', 'references': 'https://www.inaturalist.org/photos/302876790', 'created': '2023-05-18T18:35:13.000+00:00', 'creator': 'Claude Nozères', 'publisher': 'iNaturalist', 'license': 'http://creativecommons.org/licenses/by-nc/4.0/', 'rightsHolder': 'Claude Nozères', 'identifier': 'https://inaturalist-open-data.s3.amazonaws.com/photos/302876790/original.jpg'}, {'type': 'StillImage', 'format': 'image/jpeg', 'references': 'https://www.inaturalist.org/photos/302876789', 'created': '2023-05-18T18:34:54.000+00:00', 'creator': 'Claude Nozères', 'publisher': 'iNaturalist', 'license': 'http://creativecommons.org/licenses/by-nc/4.0/', 'rightsHolder': 'Claude Nozères', 'identifier': 'https://inaturalist-open-data.s3.amazonaws.com/photos/302876789/original.jpg'}, {'type': 'StillImage', 'format': 'image/jpeg', 'references': 'https://www.inaturalist.org/photos/302875768', 'created': '2023-05-18T18:34:36.000+00:00', 'creator': 'Claude Nozères', 'publisher': 'iNaturalist', 'license': 'http://creativecommons.org/licenses/by-nc/4.0/', 'rightsHolder': 'Claude Nozères', 'identifier': 'https://inaturalist-open-data.s3.amazonaws.com/photos/302875768/original.jpg'}, {'type': 'StillImage', 'format': 'image/jpeg', 'references': 'https://www.inaturalist.org/photos/302876780', 'created': '2023-05-18T18:34:33.000+00:00', 'creator': 'Claude Nozères', 'publisher': 'iNaturalist', 'license': 'http://creativecommons.org/licenses/by-nc/4.0/', 'rightsHolder': 'Claude Nozères', 'identifier': 'https://inaturalist-open-data.s3.amazonaws.com/photos/302876780/original.jpg'}]	[]	[]		False	Claude Nozères	Claude Nozères		WGS84	Pycnogonida	CA	[]	[]	NORTH_AMERICA	Canada	NORTH_AMERICA	Claude Nozères	174347539				Observations	4171283207	https://www.inaturalist.org/observations/174347539			iNaturalist								13.0	iNaturalist research-grade observations	clauden	2018/08/26	Qikiqtaaluk Region, NU, Canada	813455	174347539	Sampled on a fisheries survey. MLI museum no. 12432. z= -272 m. Information: https://waves-vagues.dfo-mpo.gc.ca/library-bibliotheque/40871137.pdf	wild	388765863																																						
2240586339	99006141-bf02-4821-8e6e-5818a1cbf70a	ff265032-b806-411a-b4b8-15a27b767dce	56b3ccf5-ad40-433f-997e-1eeb565a5889	ff265032-b806-411a-b4b8-15a27b767dce	NO	EML	2024-04-11T12:43:11.848+00:00	2024-04-11T12:43:28.666+00:00	330	{'http://rs.iobis.org/obis/terms/ExtendedMeasurementOrFact': [{'http://rs.tdwg.org/dwc/terms/measurementUnit': 'Gram biomass per 100 square meter', 'http://rs.tdwg.org/dwc/terms/measurementValue': '0.0838615099383435', 'http://rs.iobis.org/obis/terms/measurementTypeID': 'http://vocab.nerc.ac.uk/collection/P01/current/ODRYBM01/', 'http://rs.tdwg.org/dwc/terms/occurrenceID': '148710535001042', 'http://rs.tdwg.org/dwc/terms/measurementType': 'Biomass'}]}	MATERIAL_SAMPLE		PRESENT	2117751	1	54	354	9477065	2013	2117630	2117751	2117751	Nymphon serratum G.O.Sars, 1879	Nymphon serratum G.O.Sars, 1879	Animalia	Arthropoda	Pantopoda	Nymphonidae	Nymphon	Nymphon serratum	Nymphon	serratum	SPECIES	ACCEPTED	NE		73.347912	36.255697		{}	2015.0	6.0	13.0	2015-06-13T18:30Z/2015-06-13T18:35Z	164.0	164.0	['GEODETIC_DATUM_ASSUMED_WGS84', 'COUNTRY_DERIVED_FROM_COORDINATES', 'COLLECTION_MATCH_NONE', 'INSTITUTION_MATCH_FUZZY']		2024-04-11T12:43:28.666+00:00		http://creativecommons.org/licenses/by/4.0/legalcode	False	[{'identifier': '148710535001042'}]	[]	[]	[]	1711d910-22c6-415c-bb34-9f226ec314ca	False				WGS84	Pycnogonida	NO	[]	[]	EUROPE	Norway	EUROPE		148710535001042			MAREANO Reference Station: 1487	IMRMarbunnBenthos	2240586339	148710535001042			IMR									beamtrawl_2006-2022					148710535001042				228.595	3.905000000000001	Barents Sea	Beamtrawl,Subsample method: Sieve content - Mesh size (mm): 5.0	Cruise: 58GS-2015109 Sample: 535	urn:lsid:marinespecies.org:taxname:134707	LINESTRING(36.255697 73.347912,36.256143 73.345828)	18:30Z/18:35Z	catchId: 42																													
4399691098	97169dfa-325b-4c1e-af91-3ef023f8a498	9abe4949-29aa-450e-b767-b2788f66e04d	da87027f-12b5-442f-b132-0f6f25acfd53	9abe4949-29aa-450e-b767-b2788f66e04d	RU	EML	2024-06-18T12:44:43.404+00:00	2024-06-18T12:44:58.902+00:00	69	{}	PRESERVED_SPECIMEN	2.0	PRESENT	2117751	1	54	354	9477065	2013	2117630	2117751	2117751	Nymphon serratum G.O.Sars, 1879	Nymphon serratum G.O.Sars, 1879	Animalia	Arthropoda	Pantopoda	Nymphonidae	Nymphon	Nymphon serratum	Nymphon	serratum	SPECIES	ACCEPTED	NE		74.9495722	77.900429		{}	2011.0	9.0	22.0	2011-09-22	265.0	265.0	['COORDINATE_REPROJECTED']		2024-06-18T12:44:58.902+00:00		http://creativecommons.org/licenses/by-nc/4.0/legalcode	False	[{'identifier': 'b5bfb3c7-c7b4-45d7-a9cb-6d6aabb9f2e8'}]	[]	[]	[]	51e76603-9190-4d7e-9fa4-1ea3b4d4ff86	False	RV Akademik Mstislav Keldysh	Raiskiy, Alexey	EtOH 75%	WGS84	Pycnogonida	RU	[]	[]	EUROPE	Russian Federation	EUROPE		b5bfb3c7-c7b4-45d7-a9cb-6d6aabb9f2e8		51e76603-9190-4d7e-9fa4-1ea3b4d4ff86	Kara Sea	OBFc	4399691098	b5bfb3c7-c7b4-45d7-a9cb-6d6aabb9f2e8			IORAS					fd699988-ab5d-4737-9443-9085cea191d2									INV0001855						Kara Sea	Trawl	RV Akademik Mstislav Keldysh_cruise 59_st.5024				5024	['2b7c7b4f-4d4f-40d3-94de-c28b6fa054a6']	fd699988-ab5d-4737-9443-9085cea191d2	34.0 - 34.2 m	IORAS	cruise 59																								
4444205776	97169dfa-325b-4c1e-af91-3ef023f8a498	9abe4949-29aa-450e-b767-b2788f66e04d	da87027f-12b5-442f-b132-0f6f25acfd53	9abe4949-29aa-450e-b767-b2788f66e04d	RU	EML	2024-06-18T12:44:43.404+00:00	2024-06-18T12:44:58.894+00:00	69	{}	PRESERVED_SPECIMEN	2.0	PRESENT	2117751	1	54	354	9477065	2013	2117630	2117751	2117751	Nymphon serratum G.O.Sars, 1879	Nymphon serratum G.O.Sars, 1879	Animalia	Arthropoda	Pantopoda	Nymphonidae	Nymphon	Nymphon serratum	Nymphon	serratum	SPECIES	ACCEPTED	NE		70.3773224	55.6157841		{}	1998.0	8.0	24.0	1998-08-24	236.0	236.0	['COORDINATE_ROUNDED', 'COORDINATE_REPROJECTED']		2024-06-18T12:44:58.894+00:00		http://creativecommons.org/licenses/by-nc/4.0/legalcode	False	[{'identifier': '76a93ae3-f375-4c73-b8fb-9cc7235cd80f'}]	[]	[]	[]	51e76603-9190-4d7e-9fa4-1ea3b4d4ff86	False	RV Akademik Sergey Vavilov	Turpaeva, Elena	EtOH 75%	WGS84	Pycnogonida	RU	[]	[]	EUROPE	Russian Federation	EUROPE		76a93ae3-f375-4c73-b8fb-9cc7235cd80f		51e76603-9190-4d7e-9fa4-1ea3b4d4ff86	Pechora Sea	OBFc	4444205776	76a93ae3-f375-4c73-b8fb-9cc7235cd80f			IORAS					fd699988-ab5d-4737-9443-9085cea191d2									INV0003114						Pechora Sea	Sigsbee Trawl	RV Akademik Sergey Vavilov_cruise 13_st.1132				1132	['2b7c7b4f-4d4f-40d3-94de-c28b6fa054a6']	fd699988-ab5d-4737-9443-9085cea191d2	109.0 - 80.0 m	IORAS	cruise 13																								
4134388519	87f42a91-8dfd-44f1-aabb-8b6ef14aba82	a41250f0-7c3e-11d8-a19c-b8a03c50a862	1bd85d67-1c87-4591-988a-44ff22008d3e	a41250f0-7c3e-11d8-a19c-b8a03c50a862	CA	EML	2024-07-04T18:49:39.484+00:00	2024-07-04T18:50:17.565+00:00	337	{}	PRESERVED_SPECIMEN	1.0	PRESENT	2117751	1	54	354	9477065	2013	2117630	2117751	2117751	Nymphon serratum G.O.Sars, 1879	Nymphon serratum G.O.Sars, 1879	Animalia	Arthropoda	Pantopoda	Nymphonidae	Nymphon	Nymphon serratum	Nymphon	serratum	SPECIES	ACCEPTED	NE		63.6667	-68.4333		{}	1970.0	8.0	9.0	1970-08-09	221.0	221.0	['GEODETIC_DATUM_ASSUMED_WGS84', 'CONTINENT_DERIVED_FROM_COORDINATES', 'OCCURRENCE_STATUS_INFERRED_FROM_INDIVIDUAL_COUNT']	2023-05-19T15:40:00.000+00:00	2024-07-04T18:50:17.565+00:00		http://creativecommons.org/licenses/by/4.0/legalcode	False	[{'identifier': 'aecab4a1-37f7-46d1-bc0a-46622d02a850'}]	[]	[]	[]	c146edb6-3a82-473c-b337-4acaa92f9513	False	F.R.B., Arctic Biological Station			WGS84	Pycnogonida	CA	[]	[]	NORTH_AMERICA	Canada	NORTH_AMERICA	Canadian Museum of Nature	aecab4a1-37f7-46d1-bc0a-46622d02a850		http://biocol.org/urn:lsid:biocol.org:col:34935	Arctic Ocean, Frobisher Bay, St. 70-5, Depth= 68m	CMNC	4134388519	aecab4a1-37f7-46d1-bc0a-46622d02a850			CMN				Animalia; Arthropoda; Chelicerata; Pycnogonida; Pantopoda; Nymphonidae; Nymphon;	http://grbio.org/cool/sjd8-70zp		NORTH_AMERICA		Crustacea					CMNC 2019-0723														0a009cbb-94c4-4bc5-9da4-cd6ad5a0e830				Nunavut (Terr.)	Baffin I.	en	PhysicalObject	ABS Frobisher Bay St. 70-5 1970-08-09 68m	(CMNC 2019-0723)																		
3127658428	93efc16a-7eb1-4792-bdec-de1ea69b8c65	c98a8d0d-cab2-4506-8c0f-c91a5e4996b9	5ff1c992-5c84-40aa-bd9a-c1743a870c32	09a9c196-cb5b-4fa1-afc2-3499b868b225	CA	EML	2024-07-17T23:36:27.118+00:00	2024-07-17T23:36:43.550+00:00	160	{}	PRESERVED_SPECIMEN	1.0	PRESENT	2117751	1	54	354	9477065	2013	2117630	2117751	2117751	Nymphon serratum G.O.Sars, 1879	Nymphon serratum G.O.Sars, 1879	Animalia	Arthropoda	Pantopoda	Nymphonidae	Nymphon	Nymphon serratum	Nymphon	serratum	SPECIES	ACCEPTED	NE		63.67	-68.438333		{}	1967.0	8.0	28.0	1967-08-28	240.0	240.0	['COORDINATE_ROUNDED', 'GEODETIC_DATUM_ASSUMED_WGS84', 'COUNTRY_DERIVED_FROM_COORDINATES', 'CONTINENT_DERIVED_FROM_COORDINATES', 'TAXON_MATCH_TAXON_ID_IGNORED', 'OCCURRENCE_STATUS_INFERRED_FROM_INDIVIDUAL_COUNT', 'INSTITUTION_MATCH_FUZZY', 'INSTITUTION_COLLECTION_MISMATCH']		2024-07-17T23:36:43.550+00:00		http://creativecommons.org/licenses/by/4.0/legalcode	False	[{'identifier': 'DFO_MLI_MuseumCollection_6552'}]	[]	[]	[]	2ae7293d-9c89-46ee-9aa8-ea116dacad3f	False				WGS84	Pycnogonida	CA	[]	[]	NORTH_AMERICA	Canada	NORTH_AMERICA	His Majesty the King in right of Canada, as represented by the Minister of Fisheries and Oceans	DFO_MLI_MuseumCollection_6552		https://edmo.seadatanet.org/report/4160	Mair Island	MuseumCollection	3127658428	DFO_MLI_MuseumCollection_6552			IML							NORTH_AMERICA		DFO Quebec Region MLI museum collection			Entre Mair Island & Cairn Island	083_01205	6552				65.0	1.0				urn:lsid:marinespecies.org:taxname:134707			SAB 67-5 OT-7								en	PhysicalObject			dfo_que_mli_museum	Nymphon serratum																
3302785531	060eecc9-75b0-4952-bb48-e400d3ad7771	689b40c4-ff31-4cd0-83a5-a7a828f1cd92	c4e83f8a-f24c-4573-a197-f085ca242917	64795dcb-ad74-41b3-95e5-cc52ba754776	NO	EML	2024-07-01T00:01:18.482+00:00	2024-07-01T00:01:27.900+00:00	187	{}	PRESERVED_SPECIMEN	1.0	PRESENT	2117751	1	54	354	9477065	2013	2117630	2117751	2117751	Nymphon serratum G.O.Sars, 1879	Nymphon serratum G.O.Sars, 1879	Animalia	Arthropoda	Pantopoda	Nymphonidae	Nymphon	Nymphon serratum	Nymphon	serratum	SPECIES	ACCEPTED	NE		80.0783	17.1667		{}	1960.0	7.0	29.0	1960-07-29	211.0	211.0	['COUNTRY_DERIVED_FROM_COORDINATES', 'OCCURRENCE_STATUS_INFERRED_FROM_INDIVIDUAL_COUNT']	2021-02-03T00:00:00.000+00:00	2024-07-01T00:01:27.900+00:00		http://creativecommons.org/licenses/by/4.0/legalcode	False	[{'identifier': 'urn:catalog:TSZ:EVERT:Ch-554'}]	[]	[]	[]	41930fa9-e6da-4351-bc6e-59dfaca3be7d	False	Bengt Christiansen	Nils Knaben	Ethanol	WGS84	Pycnogonida	SJ	[]	[]	EUROPE	Svalbard and Jan Mayen	EUROPE		urn:catalog:TSZ:EVERT:Ch-554		https://ror.org/00wge5k78	Hinlopenstretet	EVERT	3302785531	urn:catalog:TSZ:EVERT:Ch-554			TSZ					db9c8f41-0c88-465b-8f49-5e30583fe517									Ch-554													['17abcf75-2f1e-46dd-bf75-a5b21dd02655']	db9c8f41-0c88-465b-8f49-5e30583fe517				Svalbard							Nymphon serratum	CECDFE40-D6D0-0FA3-E053-A876F0814F62	mud, Foraminifera	OR													
3302785423	060eecc9-75b0-4952-bb48-e400d3ad7771	689b40c4-ff31-4cd0-83a5-a7a828f1cd92	c4e83f8a-f24c-4573-a197-f085ca242917	64795dcb-ad74-41b3-95e5-cc52ba754776	NO	EML	2024-07-01T00:01:18.482+00:00	2024-07-01T00:01:27.864+00:00	187	{}	PRESERVED_SPECIMEN	2.0	PRESENT	2117751	1	54	354	9477065	2013	2117630	2117751	2117751	Nymphon serratum G.O.Sars, 1879	Nymphon serratum G.O.Sars, 1879	Animalia	Arthropoda	Pantopoda	Nymphonidae	Nymphon	Nymphon serratum	Nymphon	serratum	SPECIES	ACCEPTED	NE		80.4917	12.5		{}	1960.0	8.0	1.0	1960-08-01	214.0	214.0	['COUNTRY_DERIVED_FROM_COORDINATES', 'OCCURRENCE_STATUS_INFERRED_FROM_INDIVIDUAL_COUNT']	2021-02-03T00:00:00.000+00:00	2024-07-01T00:01:27.864+00:00		http://creativecommons.org/licenses/by/4.0/legalcode	False	[{'identifier': 'urn:catalog:TSZ:EVERT:Ch-225'}]	[]	[]	[]	41930fa9-e6da-4351-bc6e-59dfaca3be7d	False	Bengt Christiansen	Nils Knaben	Ethanol	WGS84	Pycnogonida	SJ	[]	[]	EUROPE	Svalbard and Jan Mayen	EUROPE		urn:catalog:TSZ:EVERT:Ch-225		https://ror.org/00wge5k78	Storlisnaget NE	EVERT	3302785423	urn:catalog:TSZ:EVERT:Ch-225			TSZ					db9c8f41-0c88-465b-8f49-5e30583fe517									Ch-225													['17abcf75-2f1e-46dd-bf75-a5b21dd02655']	db9c8f41-0c88-465b-8f49-5e30583fe517				Svalbard							Nymphon serratum	CECDFE40-D587-0FA3-E053-A876F0814F62	rock, stones	OR													
4444205704	97169dfa-325b-4c1e-af91-3ef023f8a498	9abe4949-29aa-450e-b767-b2788f66e04d	da87027f-12b5-442f-b132-0f6f25acfd53	9abe4949-29aa-450e-b767-b2788f66e04d	RU	EML	2024-06-18T12:44:43.404+00:00	2024-06-18T12:44:58.873+00:00	69	{}	PRESERVED_SPECIMEN	1.0	PRESENT	2117751	1	54	354	9477065	2013	2117630	2117751	2117751	Nymphon serratum G.O.Sars, 1879	Nymphon serratum G.O.Sars, 1879	Animalia	Arthropoda	Pantopoda	Nymphonidae	Nymphon	Nymphon serratum	Nymphon	serratum	SPECIES	ACCEPTED	NE		74.2666703	19.1452326		{}	1958.0	4.0	29.0	1958-04-29	119.0	119.0	['COORDINATE_ROUNDED', 'COORDINATE_REPROJECTED']		2024-06-18T12:44:58.873+00:00		http://creativecommons.org/licenses/by-nc/4.0/legalcode	False	[{'identifier': 'f6ac08e9-2f13-4353-b894-ff43d1a8bb8c'}]	[]	[]	[]	51e76603-9190-4d7e-9fa4-1ea3b4d4ff86	False	RV Sevastopol	Turpaeva, Elena	EtOH 75%	WGS84	Pycnogonida	SJ	[]	[]	EUROPE	Svalbard and Jan Mayen	EUROPE		f6ac08e9-2f13-4353-b894-ff43d1a8bb8c		51e76603-9190-4d7e-9fa4-1ea3b4d4ff86	Norwegian Sea	OBFc	4444205704	f6ac08e9-2f13-4353-b894-ff43d1a8bb8c			IORAS					fd699988-ab5d-4737-9443-9085cea191d2									INV0003069						Norwegian Sea	Sigsbee Trawl	RV Sevastopol_cruise 8_st.1494				1494	['2b7c7b4f-4d4f-40d3-94de-c28b6fa054a6']	fd699988-ab5d-4737-9443-9085cea191d2	55.0 m	IORAS	cruise 8																								
4444205569	97169dfa-325b-4c1e-af91-3ef023f8a498	9abe4949-29aa-450e-b767-b2788f66e04d	da87027f-12b5-442f-b132-0f6f25acfd53	9abe4949-29aa-450e-b767-b2788f66e04d	RU	EML	2024-06-18T12:44:43.404+00:00	2024-06-18T12:44:58.821+00:00	69	{}	PRESERVED_SPECIMEN	2.0	PRESENT	2117751	1	54	354	9477065	2013	2117630	2117751	2117751	Nymphon serratum G.O.Sars, 1879	Nymphon serratum G.O.Sars, 1879	Animalia	Arthropoda	Pantopoda	Nymphonidae	Nymphon	Nymphon serratum	Nymphon	serratum	SPECIES	ACCEPTED	NE		66.0988495	-27.7191643		{}	1958.0	7.0	2.0	1958-07-02	183.0	183.0	['COORDINATE_ROUNDED', 'COORDINATE_REPROJECTED']		2024-06-18T12:44:58.821+00:00		http://creativecommons.org/licenses/by-nc/4.0/legalcode	False	[{'identifier': '95bc0df2-5630-4f59-ad8a-cd86e81fc5e6'}]	[]	[]	[]	51e76603-9190-4d7e-9fa4-1ea3b4d4ff86	False	RV Sevastopol	Turpaeva, Elena	EtOH 75%	WGS84	Pycnogonida	IS	[]	[]	EUROPE	Iceland	EUROPE		95bc0df2-5630-4f59-ad8a-cd86e81fc5e6		51e76603-9190-4d7e-9fa4-1ea3b4d4ff86	north Atlantics	OBFc	4444205569	95bc0df2-5630-4f59-ad8a-cd86e81fc5e6			IORAS					fd699988-ab5d-4737-9443-9085cea191d2									INV0003039						Atlantic Ocean	Otter Trawl	RV Sevastopol_cruise 9_st.1614				1614	['2b7c7b4f-4d4f-40d3-94de-c28b6fa054a6']	fd699988-ab5d-4737-9443-9085cea191d2	430.0 m	IORAS	cruise 9																								
4444205677	97169dfa-325b-4c1e-af91-3ef023f8a498	9abe4949-29aa-450e-b767-b2788f66e04d	da87027f-12b5-442f-b132-0f6f25acfd53	9abe4949-29aa-450e-b767-b2788f66e04d	RU	EML	2024-06-18T12:44:43.404+00:00	2024-06-18T12:44:59.146+00:00	69	{}	PRESERVED_SPECIMEN	2.0	PRESENT	2117751	1	54	354	9477065	2013	2117630	2117751	2117751	Nymphon serratum G.O.Sars, 1879	Nymphon serratum G.O.Sars, 1879	Animalia	Arthropoda	Pantopoda	Nymphonidae	Nymphon	Nymphon serratum	Nymphon	serratum	SPECIES	ACCEPTED	NE		66.1155186	-27.6191697		{}	1957.0	7.0	24.0	1957-07-24	205.0	205.0	['COORDINATE_ROUNDED', 'COORDINATE_REPROJECTED']		2024-06-18T12:44:59.146+00:00		http://creativecommons.org/licenses/by-nc/4.0/legalcode	False	[{'identifier': '6ce17e23-b76e-4050-8cf5-9da92a4002ed'}]	[]	[]	[]	51e76603-9190-4d7e-9fa4-1ea3b4d4ff86	False	RV Sevastopol	Turpaeva, Elena	EtOH 75%	WGS84	Pycnogonida	IS	[]	[]	EUROPE	Iceland	EUROPE		6ce17e23-b76e-4050-8cf5-9da92a4002ed		51e76603-9190-4d7e-9fa4-1ea3b4d4ff86	north Atlantics	OBFc	4444205677	6ce17e23-b76e-4050-8cf5-9da92a4002ed			IORAS					fd699988-ab5d-4737-9443-9085cea191d2									INV0003054						Atlantic Ocean	Otter Trawl	RV Sevastopol_cruise 9_st.1682				1682	['2b7c7b4f-4d4f-40d3-94de-c28b6fa054a6']	fd699988-ab5d-4737-9443-9085cea191d2	387.0 m	IORAS	cruise 9																								
3127658424	93efc16a-7eb1-4792-bdec-de1ea69b8c65	c98a8d0d-cab2-4506-8c0f-c91a5e4996b9	5ff1c992-5c84-40aa-bd9a-c1743a870c32	09a9c196-cb5b-4fa1-afc2-3499b868b225	CA	EML	2024-07-17T23:36:27.118+00:00	2024-07-17T23:36:43.557+00:00	160	{}	PRESERVED_SPECIMEN	1.0	PRESENT	2117751	1	54	354	9477065	2013	2117630	2117751	2117751	Nymphon serratum G.O.Sars, 1879	Nymphon serratum G.O.Sars, 1879	Animalia	Arthropoda	Pantopoda	Nymphonidae	Nymphon	Nymphon serratum	Nymphon	serratum	SPECIES	ACCEPTED	NE		69.266667	-77.8		{}	1956.0	9.0	9.0	1956-09-09	253.0	253.0	['COORDINATE_ROUNDED', 'GEODETIC_DATUM_ASSUMED_WGS84', 'COUNTRY_DERIVED_FROM_COORDINATES', 'TAXON_MATCH_TAXON_ID_IGNORED', 'OCCURRENCE_STATUS_INFERRED_FROM_INDIVIDUAL_COUNT', 'INSTITUTION_MATCH_FUZZY', 'INSTITUTION_COLLECTION_MISMATCH']		2024-07-17T23:36:43.557+00:00		http://creativecommons.org/licenses/by/4.0/legalcode	False	[{'identifier': 'DFO_MLI_MuseumCollection_6554'}]	[]	[]	[]	2ae7293d-9c89-46ee-9aa8-ea116dacad3f	False				WGS84	Pycnogonida	CA	[]	[]	NORTH_AMERICA	Canada	NORTH_AMERICA	His Majesty the King in right of Canada, as represented by the Minister of Fisheries and Oceans	DFO_MLI_MuseumCollection_6554		https://edmo.seadatanet.org/report/4160	Foxe Basin	MuseumCollection	3127658424	DFO_MLI_MuseumCollection_6554			IML									DFO Quebec Region MLI museum collection			entre Bray Island et Rowley Island	083_01205	6554				50.0	5.0				urn:lsid:marinespecies.org:taxname:134707			SAB 56-837 B-45								en	PhysicalObject			dfo_que_mli_museum	Nymphon serratum																
3127658427	93efc16a-7eb1-4792-bdec-de1ea69b8c65	c98a8d0d-cab2-4506-8c0f-c91a5e4996b9	5ff1c992-5c84-40aa-bd9a-c1743a870c32	09a9c196-cb5b-4fa1-afc2-3499b868b225	CA	EML	2024-07-17T23:36:27.118+00:00	2024-07-17T23:36:43.549+00:00	160	{}	PRESERVED_SPECIMEN	1.0	PRESENT	2117751	1	54	354	9477065	2013	2117630	2117751	2117751	Nymphon serratum G.O.Sars, 1879	Nymphon serratum G.O.Sars, 1879	Animalia	Arthropoda	Pantopoda	Nymphonidae	Nymphon	Nymphon serratum	Nymphon	serratum	SPECIES	ACCEPTED	NE		66.466667	-86.2		{}	1955.0	9.0	8.0	1955-09-08	251.0	251.0	['COORDINATE_ROUNDED', 'GEODETIC_DATUM_ASSUMED_WGS84', 'COUNTRY_DERIVED_FROM_COORDINATES', 'CONTINENT_DERIVED_FROM_COORDINATES', 'TAXON_MATCH_TAXON_ID_IGNORED', 'OCCURRENCE_STATUS_INFERRED_FROM_INDIVIDUAL_COUNT', 'INSTITUTION_MATCH_FUZZY', 'INSTITUTION_COLLECTION_MISMATCH']		2024-07-17T23:36:43.549+00:00		http://creativecommons.org/licenses/by/4.0/legalcode	False	[{'identifier': 'DFO_MLI_MuseumCollection_6553'}]	[]	[]	[]	2ae7293d-9c89-46ee-9aa8-ea116dacad3f	False				WGS84	Pycnogonida	CA	[]	[]	NORTH_AMERICA	Canada	NORTH_AMERICA	His Majesty the King in right of Canada, as represented by the Minister of Fisheries and Oceans	DFO_MLI_MuseumCollection_6553		https://edmo.seadatanet.org/report/4160	Repulse Bay	MuseumCollection	3127658427	DFO_MLI_MuseumCollection_6553			IML							NORTH_AMERICA		DFO Quebec Region MLI museum collection				083_01205	6553				90.0	20.0				urn:lsid:marinespecies.org:taxname:134707			SAB 55-711 B-10								en	PhysicalObject			dfo_que_mli_museum	Nymphon serratum																
1317507939	821cc27a-e3bb-4bc5-ac34-89ada245069d	bc092ff0-02e4-11dc-991f-b8a03c50a862	b2ff19b5-d74f-40d2-82f1-ec5db01e8e31	bc092ff0-02e4-11dc-991f-b8a03c50a862	US	EML	2024-07-02T10:46:41.039+00:00	2024-07-02T12:36:58.653+00:00	395	{}	PRESERVED_SPECIMEN	1.0	PRESENT	2117751	1	54	354	9477065	2013	2117630	2117751	2117751	Nymphon serratum G.O.Sars, 1879	Nymphon serratum G.O.Sars, 1879	Animalia	Arthropoda	Pantopoda	Nymphonidae	Nymphon	Nymphon serratum	Nymphon	serratum	SPECIES	ACCEPTED	NE					{}	1940.0	7.0	22.0	1940-07-22	204.0	204.0	['CONTINENT_INVALID', 'CONTINENT_DERIVED_FROM_COUNTRY', 'OCCURRENCE_STATUS_INFERRED_FROM_INDIVIDUAL_COUNT']	2013-01-11T15:44:00.000+00:00	2024-07-02T12:36:58.653+00:00		http://creativecommons.org/publicdomain/zero/1.0/legalcode	False	[{'identifier': 'http://n2t.net/ark:/65665/30d8837e4-8545-44c1-9e79-2f9313903c3e'}]	[]	[]	[]	586ee56e-b0fe-4dff-b7f9-aeb104f3308a	False	R. Bartlett	Hedgpeth, J. W.	Alcohol (Ethanol)		Pycnogonida	GL	[]	[]	NORTH_AMERICA	Greenland	NORTH_AMERICA		http://n2t.net/ark:/65665/30d8837e4-8545-44c1-9e79-2f9313903c3e		urn:lsid:biocol.org:col:34871	1 mile NW Of Conical Rock	IZ	1317507939	http://n2t.net/ark:/65665/30d8837e4-8545-44c1-9e79-2f9313903c3e			USNM				Animalia, Arthropoda, Chelicerata, Pycnogonida, Pantopoda, Nymphonidae	urn:uuid:f14c21a9-8cbf-4c8b-817f-d19d427e2dd6		NORTH_AMERICA		NMNH Extant Biology		22 JUL 1940			USNM 80735				78.0	32.0	Arctic Ocean							['99d66b6c-9087-452f-a9d4-f15f2c2d0e7e']	0174f5b3-da29-4967-b8dc-ce75ed53e35d								37							Arctic Ocean, Greenland												
1056173825	7e380070-f762-11e1-a439-00145eb45e9a	19456090-b49a-11d8-abeb-b8a03c50a862	60277b56-f762-11e1-a439-00145eb45e9a	19456090-b49a-11d8-abeb-b8a03c50a862	GB	DWC_ARCHIVE	2024-07-23T03:26:56.939+00:00	2024-07-23T06:17:59.920+00:00	391	{'http://rs.gbif.org/terms/1.0/Multimedia': [{'http://purl.org/dc/terms/type': 'StillImage', 'http://purl.org/dc/terms/title': 'Zoology Accessions Register: Crustacea: 1976 - 1984: page 76', 'http://purl.org/dc/terms/created': '1187782307000', 'http://purl.org/dc/terms/license': 'http://creativecommons.org/licenses/by/4.0/', 'http://purl.org/dc/terms/rightsHolder': 'The Trustees of the Natural History Museum, London', 'http://purl.org/dc/terms/identifier': 'https://data.nhm.ac.uk/media/d11c8068-329e-4fbf-8ba0-14f4d062b6e4'}]}	PRESERVED_SPECIMEN	10.0	PRESENT	2117751	1	54	354	9477065	2013	2117630	2117751	2117751	Nymphon serratum G.O.Sars, 1879	Nymphon serratum G.O.Sars, 1879	Animalia	Arthropoda	Pantopoda	Nymphonidae	Nymphon	Nymphon serratum	Nymphon	serratum	SPECIES	ACCEPTED	NE					{}	1939.0	8.0		1939-08			['MODIFIED_DATE_INVALID', 'MULTIMEDIA_DATE_INVALID', 'INSTITUTION_MATCH_FUZZY', 'INSTITUTION_COLLECTION_MISMATCH']		2024-07-23T06:17:59.920+00:00		http://creativecommons.org/publicdomain/zero/1.0/legalcode	False	[{'identifier': '2237291'}]	[{'type': 'StillImage', 'title': 'Zoology Accessions Register: Crustacea: 1976 - 1984: page 76', 'license': 'http://creativecommons.org/licenses/by/4.0/', 'rightsHolder': 'The Trustees of the Natural History Museum, London', 'identifier': 'https://data.nhm.ac.uk/media/d11c8068-329e-4fbf-8ba0-14f4d062b6e4'}]	[]	[]	1d808a7c-1f9e-4379-9616-edb749ecf10e	False	Mr G J. Lockley	Dr G Cranmer			Pycnogonida		[]	[]			EUROPE		2237291			off Bear Island	ZOO	1056173825	255d3766-570a-4885-97fa-1b929869a1ab			NHMUK				Animalia; Arthropoda; Chelicerata; Pycnogonida; Pantopoda; Nymphonidae										1978.152						Barents Sea							['17abcf75-2f1e-46dd-bf75-a5b21dd02655', '99d66b6c-9087-452f-a9d4-f15f2c2d0e7e']													NHMUK:ecatalogue:2237291				"{""associatedMediaCount"": 1, ""barcode"": ""011016403"", ""catalogueDescription"": null, ""chondriteAchondrite"": null, ""chronostratigraphy"": null, ""clutchSize"": null, ""collectionKind"": null, ""collectionName"": null, ""commodity"": null, ""created"": 1311873169000, ""currentScientificName"": null, ""dateRegistered"": null, ""depositType"": null, ""determinationFiledAs"": null, ""determinationNames"": ""Nymphon serratum Sars, 1879"", ""determinationTypes"": null, ""donorName"": ""Mr G J. Lockley"", ""expedition"": null, ""exsiccata"": null, ""exsiccataNumber"": null, ""extractionMethod"": null, ""gbifID"": ""1056173825"", ""gbifIssue"": null, ""identificationAsRegistered"": null, ""identificationDescription"": null, ""identificationOther"": null, ""identificationVariety"": null, ""kindOfCollection"": null, ""kindOfObject"": null, ""lithostratigraphy"": null, ""meteoriteClass"": null, ""meteoriteGroup"": null, ""meteoriteType"": null, ""mine"": null, ""mineralComplex"": null, ""observedWeight"": null, ""occurrence"": null, ""partType"": null, ""petrologySubtype"": null, ""petrologyType"": null, ""plantDescription"": null, ""populationCode"": null, ""preparationType"": null, ""preservative"": null, ""project"": null, ""recovery"": null, ""recoveryDate"": null, ""recoveryWeight"": null, ""registeredWeightUnit"": null, ""registrationCode"": ""CR06"", ""resuspendedIn"": null, ""setMark"": null, ""subDepartment"": ""LS Chelicerata and Myriapoda"", ""subfamily"": null, ""suborder"": null, ""superfamily"": null, ""texture"": null, ""totalVolume"": null, ""vessel"": ""Stella Carina""}"											
3024487355	e3992de2-60bf-4cdf-9bc5-3e4525d017d6	e88c96a3-5884-4e51-a580-e417ca4c9eed	712ce2e3-1409-45c1-9bd4-904991c8aa19	e88c96a3-5884-4e51-a580-e417ca4c9eed	BE	EML	2024-07-17T09:07:44.666+00:00	2024-07-17T09:08:00.654+00:00	174	{'http://rs.iobis.org/obis/terms/ExtendedMeasurementOrFact': [{'http://rs.tdwg.org/dwc/terms/measurementUnit': 'Number of individuals in container', 'http://rs.tdwg.org/dwc/terms/measurementValue': '1', 'http://rs.iobis.org/obis/terms/measurementTypeID': 'vocab.nerc.ac.uk/collection/P01/current/OCOUNT01', 'http://rs.tdwg.org/dwc/terms/occurrenceID': 'https://darwin.naturalsciences.be/uri/object/f00ad019-cce7-42bb-8ec2-54be03c4ea9a', 'http://rs.tdwg.org/dwc/terms/measurementType': 'count'}, {'http://rs.tdwg.org/dwc/terms/measurementValue': 'unknown', 'http://rs.iobis.org/obis/terms/measurementTypeID': 'vocab.nerc.ac.uk/collection/P01/current/LSTAGE01', 'http://rs.iobis.org/obis/terms/measurementValueID': 'http://vocab.nerc.ac.uk/collection/S11/current/S1152', 'http://rs.tdwg.org/dwc/terms/occurrenceID': 'https://darwin.naturalsciences.be/uri/object/f00ad019-cce7-42bb-8ec2-54be03c4ea9a', 'http://rs.tdwg.org/dwc/terms/measurementType': 'lifestage'}, {'http://rs.tdwg.org/dwc/terms/measurementValue': 'unknown', 'http://rs.iobis.org/obis/terms/measurementTypeID': 'vocab.nerc.ac.uk/collection/P01/current/ENTSEX01', 'http://rs.iobis.org/obis/terms/measurementValueID': 'http://vocab.nerc.ac.uk/collection/S10/current/S104', 'http://rs.tdwg.org/dwc/terms/occurrenceID': 'https://darwin.naturalsciences.be/uri/object/f00ad019-cce7-42bb-8ec2-54be03c4ea9a', 'http://rs.tdwg.org/dwc/terms/measurementType': 'sex'}]}	PRESERVED_SPECIMEN		PRESENT	2117751	1	54	354	9477065	2013	2117630	2117751	2117751	Nymphon serratum G.O.Sars, 1879	Nymphon serratum G.O.Sars, 1879	Animalia	Arthropoda	Pantopoda	Nymphonidae	Nymphon	Nymphon serratum	Nymphon	serratum	SPECIES	ACCEPTED	NE		66.333333	12.466667		{}	1938.0	6.0		1938-06-20/1938-06-24	171.0	175.0	['GEODETIC_DATUM_ASSUMED_WGS84', 'COUNTRY_DERIVED_FROM_COORDINATES', 'CONTINENT_DERIVED_FROM_COORDINATES']	2020-02-14T14:37:16.259+00:00	2024-07-17T09:08:00.654+00:00		http://creativecommons.org/licenses/by-nc/4.0/legalcode	False	[{'identifier': 'https://darwin.naturalsciences.be/uri/object/f00ad019-cce7-42bb-8ec2-54be03c4ea9a'}]	[]	[]	[]	c2bfdeef-9c03-435e-8465-c483dadd6995	True		Stock Jan Hendrik	container type: vial; preservation method: alcohol	WGS84	Pycnogonida	NO	[]	[]	EUROPE	Norway	EUROPE	Royal Belgian Institute of Natural Sciences	https://darwin.naturalsciences.be/uri/object/f00ad019-cce7-42bb-8ec2-54be03c4ea9a		https://ror.org/02y22ws83	Greenland Sea	INV-OTH	3024487355	https://darwin.naturalsciences.be/uri/object/f00ad019-cce7-42bb-8ec2-54be03c4ea9a			RBINS					f68566db-1ecc-4dd1-9743-fa7035a413ec	Nymphon Fabricius, 1794	EUROPE	1000.0				Greenland Sea, Oceans		INV.69203						Greenland Sea, Oceans			urn:lsid:marinespecies.org:taxname:134707			11726	['17abcf75-2f1e-46dd-bf75-a5b21dd02655']	f68566db-1ecc-4dd1-9743-fa7035a413ec		RBINS						http://www.geonames.org/2960853		be_rbins_invertebrates_cheliceratamarine							Unknown	1.0	SpecimensInContainer	urn:catalog:RBINS:IG:11726	ICZN	Present	f00ad019-cce7-42bb-8ec2-54be03c4ea9a				
3026125483	8138eb72-f762-11e1-a439-00145eb45e9a	e88c96a3-5884-4e51-a580-e417ca4c9eed	712ce2e3-1409-45c1-9bd4-904991c8aa19	e88c96a3-5884-4e51-a580-e417ca4c9eed	BE	EML	2024-01-29T10:56:16.469+00:00	2024-01-29T14:50:20.340+00:00	274	{'http://rs.iobis.org/obis/terms/ExtendedMeasurementOrFact': [{'http://rs.tdwg.org/dwc/terms/measurementUnit': 'Number of individuals in container', 'http://rs.tdwg.org/dwc/terms/measurementValue': '1', 'http://rs.iobis.org/obis/terms/measurementTypeID': 'vocab.nerc.ac.uk/collection/P01/current/OCOUNT01', 'http://rs.tdwg.org/dwc/terms/occurrenceID': 'https://darwin.naturalsciences.be/uri/object/f00ad019-cce7-42bb-8ec2-54be03c4ea9a', 'http://rs.tdwg.org/dwc/terms/measurementType': 'count'}, {'http://rs.tdwg.org/dwc/terms/measurementValue': 'unknown', 'http://rs.iobis.org/obis/terms/measurementTypeID': 'vocab.nerc.ac.uk/collection/P01/current/LSTAGE01', 'http://rs.iobis.org/obis/terms/measurementValueID': 'http://vocab.nerc.ac.uk/collection/S11/current/S1152', 'http://rs.tdwg.org/dwc/terms/occurrenceID': 'https://darwin.naturalsciences.be/uri/object/f00ad019-cce7-42bb-8ec2-54be03c4ea9a', 'http://rs.tdwg.org/dwc/terms/measurementType': 'lifestage'}, {'http://rs.tdwg.org/dwc/terms/measurementValue': 'unknown', 'http://rs.iobis.org/obis/terms/measurementTypeID': 'vocab.nerc.ac.uk/collection/P01/current/ENTSEX01', 'http://rs.iobis.org/obis/terms/measurementValueID': 'http://vocab.nerc.ac.uk/collection/S10/current/S104', 'http://rs.tdwg.org/dwc/terms/occurrenceID': 'https://darwin.naturalsciences.be/uri/object/f00ad019-cce7-42bb-8ec2-54be03c4ea9a', 'http://rs.tdwg.org/dwc/terms/measurementType': 'sex'}]}	PRESERVED_SPECIMEN		PRESENT	2117751	1	54	354	9477065	2013	2117630	2117751	2117751	Nymphon serratum G.O.Sars, 1879	Nymphon serratum G.O.Sars, 1879	Animalia	Arthropoda	Pantopoda	Nymphonidae	Nymphon	Nymphon serratum	Nymphon	serratum	SPECIES	ACCEPTED	NE		66.333333	12.466667		{}	1938.0	6.0		1938-06-20/1938-06-24	171.0	175.0	['GEODETIC_DATUM_ASSUMED_WGS84', 'COUNTRY_DERIVED_FROM_COORDINATES', 'CONTINENT_DERIVED_FROM_COORDINATES', 'TAXON_MATCH_TAXON_ID_IGNORED', 'TYPE_STATUS_INVALID', 'INSTITUTION_MATCH_NONE']	2020-02-14T14:37:16.259+00:00	2024-01-29T14:50:20.340+00:00		http://creativecommons.org/licenses/by-nc/4.0/legalcode	False	[{'identifier': 'https://darwin.naturalsciences.be/uri/object/f00ad019-cce7-42bb-8ec2-54be03c4ea9a'}]	[]	[]	[]		True		Stock Jan Hendrik	container type: vial; preservation method: alcohol	WGS84	Pycnogonida	NO	[]	[]	EUROPE	Norway	EUROPE	Royal Belgian Institute of Natural Sciences	https://darwin.naturalsciences.be/uri/object/f00ad019-cce7-42bb-8ec2-54be03c4ea9a		https://www.wikidata.org/wiki/Q222297	Greenland Sea	urn:catalog:RBINS:Pycnogonida	3026125483	https://darwin.naturalsciences.be/uri/object/f00ad019-cce7-42bb-8ec2-54be03c4ea9a			RBINS-Scientific Heritage					http://collections.naturalsciences.be/113	Nymphon Fabricius, 1794	EUROPE	1000.0	Royal Belgian Institute of Natural Sciences Collection			Greenland Sea, Oceans	https://www.gbif.org/species/2117751	INV.69203						Greenland Sea, Oceans			urn:lsid:marinespecies.org:taxname:134707			11726	['17abcf75-2f1e-46dd-bf75-a5b21dd02655', '99d66b6c-9087-452f-a9d4-f15f2c2d0e7e']			RBINS				en	PhysicalObject	http://www.geonames.org/2960853		be_rbins_darwin		urn:catalog:RBINS:IG:11726					Unknown	1.0	SpecimensInContainer		ICZN	Present					
1321683699	821cc27a-e3bb-4bc5-ac34-89ada245069d	bc092ff0-02e4-11dc-991f-b8a03c50a862	b2ff19b5-d74f-40d2-82f1-ec5db01e8e31	bc092ff0-02e4-11dc-991f-b8a03c50a862	US	EML	2024-07-02T10:46:41.039+00:00	2024-07-02T12:39:42.418+00:00	395	{}	PRESERVED_SPECIMEN	1.0	PRESENT	2117751	1	54	354	9477065	2013	2117630	2117751	2117751	Nymphon serratum G.O.Sars, 1879	Nymphon serratum G.O.Sars, 1879	Animalia	Arthropoda	Pantopoda	Nymphonidae	Nymphon	Nymphon serratum	Nymphon	serratum	SPECIES	ACCEPTED	NE					{}	1937.0	7.0	28.0	1937-07-28	209.0	209.0	['CONTINENT_INVALID', 'CONTINENT_DERIVED_FROM_COUNTRY', 'OCCURRENCE_STATUS_INFERRED_FROM_INDIVIDUAL_COUNT']	2013-01-11T15:44:00.000+00:00	2024-07-02T12:39:42.418+00:00		http://creativecommons.org/publicdomain/zero/1.0/legalcode	False	[{'identifier': 'http://n2t.net/ark:/65665/3c62f60ad-ab04-4baf-a89c-f44967a035e2'}]	[]	[]	[]	586ee56e-b0fe-4dff-b7f9-aeb104f3308a	False	R. Bartlett	Hedgpeth, J. W.	Alcohol (Ethanol)		Pycnogonida	GL	[]	[]	NORTH_AMERICA	Greenland	NORTH_AMERICA		http://n2t.net/ark:/65665/3c62f60ad-ab04-4baf-a89c-f44967a035e2		urn:lsid:biocol.org:col:34871	Whale Sound	IZ	1321683699	http://n2t.net/ark:/65665/3c62f60ad-ab04-4baf-a89c-f44967a035e2			USNM				Animalia, Arthropoda, Chelicerata, Pycnogonida, Pantopoda, Nymphonidae	urn:uuid:f14c21a9-8cbf-4c8b-817f-d19d427e2dd6		NORTH_AMERICA		NMNH Extant Biology		28 JUL 1937			USNM 80736						Arctic Ocean							['99d66b6c-9087-452f-a9d4-f15f2c2d0e7e']	0174f5b3-da29-4967-b8dc-ce75ed53e35d													Rocks.		Arctic Ocean, Greenland												
1322873707	821cc27a-e3bb-4bc5-ac34-89ada245069d	bc092ff0-02e4-11dc-991f-b8a03c50a862	b2ff19b5-d74f-40d2-82f1-ec5db01e8e31	bc092ff0-02e4-11dc-991f-b8a03c50a862	US	EML	2024-07-02T10:46:41.039+00:00	2024-07-02T12:38:35.073+00:00	395	{}	PRESERVED_SPECIMEN	1.0	PRESENT	2117751	1	54	354	9477065	2013	2117630	2117751	2117751	Nymphon serratum G.O.Sars, 1879	Nymphon serratum G.O.Sars, 1879	Animalia	Arthropoda	Pantopoda	Nymphonidae	Nymphon	Nymphon serratum	Nymphon	serratum	SPECIES	ACCEPTED	NE					{}	1937.0	8.0	2.0	1937-08-02	214.0	214.0	['CONTINENT_INVALID', 'CONTINENT_DERIVED_FROM_COUNTRY', 'OCCURRENCE_STATUS_INFERRED_FROM_INDIVIDUAL_COUNT']	2013-01-11T15:44:00.000+00:00	2024-07-02T12:38:35.073+00:00		http://creativecommons.org/publicdomain/zero/1.0/legalcode	False	[{'identifier': 'http://n2t.net/ark:/65665/3faea4dd4-4a1f-4d6a-b6bb-bb6fc7cc3fde'}]	[]	[]	[]	586ee56e-b0fe-4dff-b7f9-aeb104f3308a	False	R. Bartlett	Hedgpeth, J. W.	Alcohol (Ethanol)		Pycnogonida	GL	[]	[]	NORTH_AMERICA	Greenland	NORTH_AMERICA		http://n2t.net/ark:/65665/3faea4dd4-4a1f-4d6a-b6bb-bb6fc7cc3fde		urn:lsid:biocol.org:col:34871	Cape Chalon, Between Capes Alexander And Chalon.	IZ	1322873707	http://n2t.net/ark:/65665/3faea4dd4-4a1f-4d6a-b6bb-bb6fc7cc3fde			USNM				Animalia, Arthropoda, Chelicerata, Pycnogonida, Pantopoda, Nymphonidae	urn:uuid:f14c21a9-8cbf-4c8b-817f-d19d427e2dd6		NORTH_AMERICA		NMNH Extant Biology		02 AUG 1937			USNM 80737				59.5	13.5	Arctic Ocean							['99d66b6c-9087-452f-a9d4-f15f2c2d0e7e']	0174f5b3-da29-4967-b8dc-ce75ed53e35d								29					Rocks.		Arctic Ocean, Greenland												
1056221165	7e380070-f762-11e1-a439-00145eb45e9a	19456090-b49a-11d8-abeb-b8a03c50a862	60277b56-f762-11e1-a439-00145eb45e9a	19456090-b49a-11d8-abeb-b8a03c50a862	GB	DWC_ARCHIVE	2024-07-23T03:26:56.939+00:00	2024-07-23T06:17:58.425+00:00	391	{'http://rs.gbif.org/terms/1.0/Multimedia': [{'http://purl.org/dc/terms/type': 'StillImage', 'http://purl.org/dc/terms/title': 'Zoology Accessions Register: Crustacea: 1976 - 1984: page 77', 'http://purl.org/dc/terms/created': '1187782311000', 'http://purl.org/dc/terms/license': 'http://creativecommons.org/licenses/by/4.0/', 'http://purl.org/dc/terms/rightsHolder': 'The Trustees of the Natural History Museum, London', 'http://purl.org/dc/terms/identifier': 'https://data.nhm.ac.uk/media/fe909050-f1b3-4317-8376-6a0f46ced068'}]}	PRESERVED_SPECIMEN		PRESENT	2117751	1	54	354	9477065	2013	2117630	2117751	2117751	Nymphon serratum G.O.Sars, 1879	Nymphon serratum G.O.Sars, 1879	Animalia	Arthropoda	Pantopoda	Nymphonidae	Nymphon	Nymphon serratum	Nymphon	serratum	SPECIES	ACCEPTED	NE					{}	1936.0			1936			['MODIFIED_DATE_INVALID', 'MULTIMEDIA_DATE_INVALID', 'INSTITUTION_MATCH_FUZZY', 'INSTITUTION_COLLECTION_MISMATCH']		2024-07-23T06:17:58.425+00:00		http://creativecommons.org/publicdomain/zero/1.0/legalcode	False	[{'identifier': '2233484'}]	[{'type': 'StillImage', 'title': 'Zoology Accessions Register: Crustacea: 1976 - 1984: page 77', 'license': 'http://creativecommons.org/licenses/by/4.0/', 'rightsHolder': 'The Trustees of the Natural History Museum, London', 'identifier': 'https://data.nhm.ac.uk/media/fe909050-f1b3-4317-8376-6a0f46ced068'}]	[]	[]	1d808a7c-1f9e-4379-9616-edb749ecf10e	False		G J. Cranmer			Pycnogonida	NO	[]	[]	EUROPE	Norway	EUROPE		2233484			SW Bear Island	ZOO	1056221165	de3a8ecf-7eeb-4b27-87d0-e8ba853cf0b4			NHMUK				Animalia; Arthropoda; Chelicerata; Pycnogonida; Pantopoda; Nymphonidae			EUROPE							1978.167						Norwegian Sea							['17abcf75-2f1e-46dd-bf75-a5b21dd02655', '99d66b6c-9087-452f-a9d4-f15f2c2d0e7e']													NHMUK:ecatalogue:2233484			Europe; Norway	"{""associatedMediaCount"": 1, ""barcode"": ""011145687"", ""catalogueDescription"": null, ""chondriteAchondrite"": null, ""chronostratigraphy"": null, ""clutchSize"": null, ""collectionKind"": null, ""collectionName"": null, ""commodity"": null, ""created"": 1311774374000, ""currentScientificName"": null, ""dateRegistered"": null, ""depositType"": null, ""determinationFiledAs"": null, ""determinationNames"": ""Nymphon serratum Sars, 1879"", ""determinationTypes"": null, ""donorName"": null, ""expedition"": null, ""exsiccata"": null, ""exsiccataNumber"": null, ""extractionMethod"": null, ""gbifID"": ""1056221165"", ""gbifIssue"": null, ""identificationAsRegistered"": null, ""identificationDescription"": null, ""identificationOther"": null, ""identificationVariety"": null, ""kindOfCollection"": null, ""kindOfObject"": null, ""lithostratigraphy"": null, ""meteoriteClass"": null, ""meteoriteGroup"": null, ""meteoriteType"": null, ""mine"": null, ""mineralComplex"": null, ""observedWeight"": null, ""occurrence"": null, ""partType"": null, ""petrologySubtype"": null, ""petrologyType"": null, ""plantDescription"": null, ""populationCode"": null, ""preparationType"": null, ""preservative"": null, ""project"": null, ""recovery"": null, ""recoveryDate"": null, ""recoveryWeight"": null, ""registeredWeightUnit"": null, ""registrationCode"": ""CR06"", ""resuspendedIn"": null, ""setMark"": null, ""subDepartment"": ""LS Chelicerata and Myriapoda"", ""subfamily"": null, ""suborder"": null, ""superfamily"": null, ""texture"": null, ""totalVolume"": null, ""vessel"": null}"											
1056172168	7e380070-f762-11e1-a439-00145eb45e9a	19456090-b49a-11d8-abeb-b8a03c50a862	60277b56-f762-11e1-a439-00145eb45e9a	19456090-b49a-11d8-abeb-b8a03c50a862	GB	DWC_ARCHIVE	2024-07-23T03:26:56.939+00:00	2024-07-23T06:19:06.966+00:00	391	{'http://rs.gbif.org/terms/1.0/Multimedia': [{'http://purl.org/dc/terms/type': 'StillImage', 'http://purl.org/dc/terms/title': 'Zoology Accessions Register: Crustacea: 1976 - 1984: page 77', 'http://purl.org/dc/terms/created': '1187782311000', 'http://purl.org/dc/terms/license': 'http://creativecommons.org/licenses/by/4.0/', 'http://purl.org/dc/terms/rightsHolder': 'The Trustees of the Natural History Museum, London', 'http://purl.org/dc/terms/identifier': 'https://data.nhm.ac.uk/media/fe909050-f1b3-4317-8376-6a0f46ced068'}]}	PRESERVED_SPECIMEN		PRESENT	2117751	1	54	354	9477065	2013	2117630	2117751	2117751	Nymphon serratum G.O.Sars, 1879	Nymphon serratum G.O.Sars, 1879	Animalia	Arthropoda	Pantopoda	Nymphonidae	Nymphon	Nymphon serratum	Nymphon	serratum	SPECIES	ACCEPTED	NE					{}	1936.0			1936			['MODIFIED_DATE_INVALID', 'MULTIMEDIA_DATE_INVALID', 'INSTITUTION_MATCH_FUZZY', 'INSTITUTION_COLLECTION_MISMATCH']		2024-07-23T06:19:06.966+00:00		http://creativecommons.org/publicdomain/zero/1.0/legalcode	False	[{'identifier': '2238591'}]	[{'type': 'StillImage', 'title': 'Zoology Accessions Register: Crustacea: 1976 - 1984: page 77', 'license': 'http://creativecommons.org/licenses/by/4.0/', 'rightsHolder': 'The Trustees of the Natural History Museum, London', 'identifier': 'https://data.nhm.ac.uk/media/fe909050-f1b3-4317-8376-6a0f46ced068'}]	[]	[]	1d808a7c-1f9e-4379-9616-edb749ecf10e	False		G J. Cranmer			Pycnogonida	NO	[]	[]	EUROPE	Norway	EUROPE		2238591			SW Bear Island	ZOO	1056172168	147a5d93-cc61-4665-9840-d13561879950			NHMUK				Animalia; Arthropoda; Chelicerata; Pycnogonida; Pantopoda; Nymphonidae			EUROPE							1978.167						Norwegian Sea							['17abcf75-2f1e-46dd-bf75-a5b21dd02655', '99d66b6c-9087-452f-a9d4-f15f2c2d0e7e']													NHMUK:ecatalogue:2238591			Europe; Norway	"{""associatedMediaCount"": 1, ""barcode"": ""011145688"", ""catalogueDescription"": null, ""chondriteAchondrite"": null, ""chronostratigraphy"": null, ""clutchSize"": null, ""collectionKind"": null, ""collectionName"": null, ""commodity"": null, ""created"": 1311898333000, ""currentScientificName"": null, ""dateRegistered"": null, ""depositType"": null, ""determinationFiledAs"": null, ""determinationNames"": ""Nymphon serratum Sars, 1879"", ""determinationTypes"": null, ""donorName"": null, ""expedition"": null, ""exsiccata"": null, ""exsiccataNumber"": null, ""extractionMethod"": null, ""gbifID"": ""1056172168"", ""gbifIssue"": null, ""identificationAsRegistered"": null, ""identificationDescription"": null, ""identificationOther"": null, ""identificationVariety"": null, ""kindOfCollection"": null, ""kindOfObject"": null, ""lithostratigraphy"": null, ""meteoriteClass"": null, ""meteoriteGroup"": null, ""meteoriteType"": null, ""mine"": null, ""mineralComplex"": null, ""observedWeight"": null, ""occurrence"": null, ""partType"": null, ""petrologySubtype"": null, ""petrologyType"": null, ""plantDescription"": null, ""populationCode"": null, ""preparationType"": null, ""preservative"": null, ""project"": null, ""recovery"": null, ""recoveryDate"": null, ""recoveryWeight"": null, ""registeredWeightUnit"": null, ""registrationCode"": ""CR06"", ""resuspendedIn"": null, ""setMark"": null, ""subDepartment"": ""LS Chelicerata and Myriapoda"", ""subfamily"": null, ""suborder"": null, ""superfamily"": null, ""texture"": null, ""totalVolume"": null, ""vessel"": null}"											
4078743785	70bf8d53-be76-4390-920a-300eee146141	f314b0b0-e3dc-11d9-8d81-b8a03c50a862	c4e83f8a-f24c-4573-a197-f085ca242917	64795dcb-ad74-41b3-95e5-cc52ba754776	NO	EML	2024-01-23T16:50:02.693+00:00	2024-01-26T11:58:07.072+00:00	17	{}	PRESERVED_SPECIMEN	2.0	PRESENT	2117751	1	54	354	9477065	2013	2117630	2117751	2117751	Nymphon serratum G.O.Sars, 1879	Nymphon serratum G.O.Sars, 1879	Animalia	Arthropoda	Pantopoda	Nymphonidae	Nymphon	Nymphon serratum	Nymphon	serratum	SPECIES	ACCEPTED	NE	1961-01-01T00:00:00				{}	1930.0	8.0	16.0	1930-08-16	228.0	228.0	['COUNTRY_INVALID', 'OCCURRENCE_STATUS_INFERRED_FROM_INDIVIDUAL_COUNT']	2014-01-13T00:00:00.000+00:00	2024-01-26T11:58:07.072+00:00		http://creativecommons.org/licenses/by/4.0/legalcode	False	[{'identifier': 'urn:catalog:nhmo:F3819'}]	[]	[]	[]	a9ab29d6-f380-4193-967f-15a64abc09e7	False	Franz Josef Land ekspedisjonen	Knaben, Nils			Pycnogonida		[]	[]			EUROPE		urn:catalog:nhmo:F3819		https://ror.org/01xtthb56	St. XVIII	ZMO-Crustacea	4078743785	urn:catalog:nhmo:F3819			UiO					urn:uuid:35701276-4341-4879-a5ba-b503de15e45b		EUROPE	10000.0	Crustacea Collection at NHM (Oslo)					F3819														35701276-4341-4879-a5ba-b503de15e45b																{Medium:Ethanol},{Expedition:Franz Josef Land ekspedisjonen},{Station number:18}											
1320586630	821cc27a-e3bb-4bc5-ac34-89ada245069d	bc092ff0-02e4-11dc-991f-b8a03c50a862	b2ff19b5-d74f-40d2-82f1-ec5db01e8e31	bc092ff0-02e4-11dc-991f-b8a03c50a862	US	EML	2024-07-02T10:46:41.039+00:00	2024-07-02T12:38:22.264+00:00	395	{}	PRESERVED_SPECIMEN	1.0	PRESENT	2117751	1	54	354	9477065	2013	2117630	2117751	2117751	Nymphon serratum G.O.Sars, 1879	Nymphon serratum G.O.Sars, 1879	Animalia	Arthropoda	Pantopoda	Nymphonidae	Nymphon	Nymphon serratum	Nymphon	serratum	SPECIES	ACCEPTED	NE		66.77	-79.25		{}	1927.0	8.0	13.0	1927-08-13	225.0	225.0	['GEODETIC_DATUM_ASSUMED_WGS84', 'CONTINENT_INVALID', 'OCCURRENCE_STATUS_INFERRED_FROM_INDIVIDUAL_COUNT']	2013-02-08T17:16:00.000+00:00	2024-07-02T12:38:22.264+00:00		http://creativecommons.org/publicdomain/zero/1.0/legalcode	False	[{'identifier': 'http://n2t.net/ark:/65665/395b2ed66-df44-47b2-a0e9-667551dae89e'}]	[]	[]	[]	586ee56e-b0fe-4dff-b7f9-aeb104f3308a	True	R. Bartlett	Giltay, L.	Alcohol (Ethanol)	WGS84	Pycnogonida	CA	[]	[]	NORTH_AMERICA	Canada	NORTH_AMERICA		http://n2t.net/ark:/65665/395b2ed66-df44-47b2-a0e9-667551dae89e		urn:lsid:biocol.org:col:34871	Foxe Basin, Center Of Basin	IZ	1320586630	http://n2t.net/ark:/65665/395b2ed66-df44-47b2-a0e9-667551dae89e			USNM				Animalia, Arthropoda, Chelicerata, Pycnogonida, Pantopoda, Nymphonidae	urn:uuid:f14c21a9-8cbf-4c8b-817f-d19d427e2dd6				NMNH Extant Biology		13 AUG 1927			USNM 75330				65.0	3.0	Arctic Ocean							['99d66b6c-9087-452f-a9d4-f15f2c2d0e7e']	0174f5b3-da29-4967-b8dc-ce75ed53e35d				Northwest Territories											Arctic Ocean, Canada, Northwest Territories									unknown, from legacy	Degrees Minutes Seconds		
1416932434	eaf9401e-a5e3-4a27-89ad-2d6ac6559167	a41250f0-7c3e-11d8-a19c-b8a03c50a862	7c519b4c-1100-4f39-a95a-9b679b4542e4	ff7bd5db-b724-4932-b496-10ea298851f9	CA	EML	2023-12-14T00:46:43.088+00:00	2024-01-25T01:41:46.282+00:00	300	{}	PRESERVED_SPECIMEN	1.0	PRESENT	2117751	1	54	354	9477065	2013	2117630	2117751	2117751	Nymphon serratum G.O.Sars, 1879	Nymphon serratum G.O.Sars, 1879	Animalia	Arthropoda	Pantopoda	Nymphonidae	Nymphon	Nymphon serratum	Nymphon	serratum	SPECIES	ACCEPTED	NE		66.77	-79.25		{}	1927.0	8.0	13.0	1927-08-13	225.0	225.0	['GEODETIC_DATUM_ASSUMED_WGS84', 'COUNTRY_DERIVED_FROM_COORDINATES', 'OCCURRENCE_STATUS_INFERRED_FROM_INDIVIDUAL_COUNT']		2024-01-25T01:41:46.282+00:00		http://creativecommons.org/publicdomain/zero/1.0/legalcode	False	[{'identifier': 'http://n2t.net/ark:/65665/395b2ed66-df44-47b2-a0e9-667551dae89e'}]	[]	[]	[]	586ee56e-b0fe-4dff-b7f9-aeb104f3308a	True	Bartlett, R. A.	"""Giltay, L."""		WGS84	Pycnogonida	CA	[]	[]	NORTH_AMERICA	Canada	NORTH_AMERICA	"""Information provided with the permission of the National Museum of Natural History, Smithsonian Institution, 10th and Constitution Ave. N.W., Washington, DC 20560-0193"""	http://n2t.net/ark:/65665/395b2ed66-df44-47b2-a0e9-667551dae89e	Nymphon serratum	http://biocol.org/urn:lsid:biocol.org:col:34871	Canada	Invertebrate Zoology	1416932434	http://n2t.net/ark:/65665/395b2ed66-df44-47b2-a0e9-667551dae89e			USNM					http://grbio.org/institutional-collection/department-invertebrate-zoology				Natural history museum data on Canadian Arctic marine benthos		27-08-13			USNM 75330				65.0		Hudson Bay Complex			urn:lsid:marinespecies.org:taxname:134707					0174f5b3-da29-4967-b8dc-ce75ed53e35d	65						PhysicalObject								Arctic Ocean											cmn-arctic-marine-benthos	Shelf
2423569836	5a0e9dc9-d2b0-489e-91b6-c1e2aca0d62c	44862593-2fdd-4491-ab79-b500b8272aac	b494d108-871b-4dfa-bffe-c7949c7400e4	44862593-2fdd-4491-ab79-b500b8272aac	ZZ	EML	2024-07-22T11:53:05.680+00:00	2024-07-22T12:00:25.588+00:00	334	{}	HUMAN_OBSERVATION		PRESENT	2117751	1	54	354	9477065	2013	2117630	2117751	2117751	Nymphon serratum G.O.Sars, 1879	Nymphon serratum G.O.Sars, 1879	Animalia	Arthropoda	Pantopoda	Nymphonidae	Nymphon	Nymphon serratum	Nymphon	serratum	SPECIES	ACCEPTED	NE		74.167	54.333		{}	1921.0	8.0	17.0	1921-08-17	229.0	229.0	['COORDINATE_ROUNDED', 'GEODETIC_DATUM_ASSUMED_WGS84', 'COUNTRY_DERIVED_FROM_COORDINATES']		2024-07-22T12:00:25.588+00:00		http://creativecommons.org/licenses/by/4.0/legalcode	False	[{'identifier': '4280'}]	[]	[]	[]		False				WGS84	Pycnogonida	RU	[]	[]	EUROPE	Russian Federation			4280				2006B3	2423569836	4280			ArcOD															;;134707;Malygin			1560.0					urn:lsid:marinespecies.org:taxname:134707				['2b7c7b4f-4d4f-40d3-94de-c28b6fa054a6']																												
2423569288	5a0e9dc9-d2b0-489e-91b6-c1e2aca0d62c	44862593-2fdd-4491-ab79-b500b8272aac	b494d108-871b-4dfa-bffe-c7949c7400e4	44862593-2fdd-4491-ab79-b500b8272aac	ZZ	EML	2024-07-22T11:53:05.680+00:00	2024-07-22T12:00:25.724+00:00	334	{}	HUMAN_OBSERVATION		PRESENT	2117751	1	54	354	9477065	2013	2117630	2117751	2117751	Nymphon serratum G.O.Sars, 1879	Nymphon serratum G.O.Sars, 1879	Animalia	Arthropoda	Pantopoda	Nymphonidae	Nymphon	Nymphon serratum	Nymphon	serratum	SPECIES	ACCEPTED	NE		70.699997	58.549999		{}	1921.0	8.0	26.0	1921-08-26	238.0	238.0	['COORDINATE_ROUNDED', 'GEODETIC_DATUM_ASSUMED_WGS84', 'COUNTRY_DERIVED_FROM_COORDINATES']		2024-07-22T12:00:25.724+00:00		http://creativecommons.org/licenses/by/4.0/legalcode	False	[{'identifier': '4335'}]	[]	[]	[]		False	Gorbunov			WGS84	Pycnogonida	RU	[]	[]	EUROPE	Russian Federation			4335				2006B3	2423569288	4335			ArcOD															;;134707;Malygin			1450.0					urn:lsid:marinespecies.org:taxname:134707				['2b7c7b4f-4d4f-40d3-94de-c28b6fa054a6']																												
3024487649	e3992de2-60bf-4cdf-9bc5-3e4525d017d6	e88c96a3-5884-4e51-a580-e417ca4c9eed	712ce2e3-1409-45c1-9bd4-904991c8aa19	e88c96a3-5884-4e51-a580-e417ca4c9eed	BE	EML	2024-07-17T09:07:44.666+00:00	2024-07-17T09:08:08.311+00:00	174	{'http://rs.iobis.org/obis/terms/ExtendedMeasurementOrFact': [{'http://rs.tdwg.org/dwc/terms/measurementUnit': 'Number of individuals in container', 'http://rs.tdwg.org/dwc/terms/measurementValue': '1', 'http://rs.iobis.org/obis/terms/measurementTypeID': 'vocab.nerc.ac.uk/collection/P01/current/OCOUNT01', 'http://rs.tdwg.org/dwc/terms/occurrenceID': 'https://darwin.naturalsciences.be/uri/object/4f4d07ef-1807-4e81-b3ed-b28f393e6ef2', 'http://rs.tdwg.org/dwc/terms/measurementType': 'count'}, {'http://rs.tdwg.org/dwc/terms/measurementValue': 'unknown', 'http://rs.iobis.org/obis/terms/measurementTypeID': 'vocab.nerc.ac.uk/collection/P01/current/LSTAGE01', 'http://rs.iobis.org/obis/terms/measurementValueID': 'http://vocab.nerc.ac.uk/collection/S11/current/S1152', 'http://rs.tdwg.org/dwc/terms/occurrenceID': 'https://darwin.naturalsciences.be/uri/object/4f4d07ef-1807-4e81-b3ed-b28f393e6ef2', 'http://rs.tdwg.org/dwc/terms/measurementType': 'lifestage'}, {'http://rs.tdwg.org/dwc/terms/measurementValue': 'unknown', 'http://rs.iobis.org/obis/terms/measurementTypeID': 'vocab.nerc.ac.uk/collection/P01/current/ENTSEX01', 'http://rs.iobis.org/obis/terms/measurementValueID': 'http://vocab.nerc.ac.uk/collection/S10/current/S104', 'http://rs.tdwg.org/dwc/terms/occurrenceID': 'https://darwin.naturalsciences.be/uri/object/4f4d07ef-1807-4e81-b3ed-b28f393e6ef2', 'http://rs.tdwg.org/dwc/terms/measurementType': 'sex'}]}	PRESERVED_SPECIMEN		PRESENT	2117751	1	54	354	9477065	2013	2117630	2117751	2117751	Nymphon serratum G.O.Sars, 1879	Nymphon serratum G.O.Sars, 1879	Animalia	Arthropoda	Pantopoda	Nymphonidae	Nymphon	Nymphon serratum	Nymphon	serratum	SPECIES	ACCEPTED	NE	1931-01-01T00:00:00	70.583333	58.366667		{}	1907.0	8.0	16.0	1907-08-16	228.0	228.0	['GEODETIC_DATUM_ASSUMED_WGS84', 'COUNTRY_DERIVED_FROM_COORDINATES']	2021-01-04T11:17:59.958+00:00	2024-07-17T09:08:08.311+00:00		http://creativecommons.org/licenses/by-nc/4.0/legalcode	False	[{'identifier': 'https://darwin.naturalsciences.be/uri/object/4f4d07ef-1807-4e81-b3ed-b28f393e6ef2'}]	[]	[]	[]	c2bfdeef-9c03-435e-8465-c483dadd6995	True		Giltay L.B. (Dr.)	container type: vial; preservation method: alcohol	WGS84	Pycnogonida	RU	[]	[]	EUROPE	Russian Federation	EUROPE	Royal Belgian Institute of Natural Sciences	https://darwin.naturalsciences.be/uri/object/4f4d07ef-1807-4e81-b3ed-b28f393e6ef2		https://ror.org/02y22ws83	Cara See	INV-OTH	3024487649	https://darwin.naturalsciences.be/uri/object/4f4d07ef-1807-4e81-b3ed-b28f393e6ef2			RBINS					f68566db-1ecc-4dd1-9743-fa7035a413ec	Nymphon Fabricius, 1794		1.0				Kara Sea		INV.69201						Cara See			urn:lsid:marinespecies.org:taxname:134707			8719/St.149	['17abcf75-2f1e-46dd-bf75-a5b21dd02655']	f68566db-1ecc-4dd1-9743-fa7035a413ec		RBINS						http://www.geonames.org/1504324		be_rbins_invertebrates_cheliceratamarine							Unknown	1.0	SpecimensInContainer	urn:catalog:RBINS:IG:8719	ICZN	Present	4f4d07ef-1807-4e81-b3ed-b28f393e6ef2				
3025956946	8138eb72-f762-11e1-a439-00145eb45e9a	e88c96a3-5884-4e51-a580-e417ca4c9eed	712ce2e3-1409-45c1-9bd4-904991c8aa19	e88c96a3-5884-4e51-a580-e417ca4c9eed	BE	EML	2024-01-29T10:56:16.469+00:00	2024-01-29T14:49:28.924+00:00	274	{'http://rs.iobis.org/obis/terms/ExtendedMeasurementOrFact': [{'http://rs.tdwg.org/dwc/terms/measurementUnit': 'Number of individuals in container', 'http://rs.tdwg.org/dwc/terms/measurementValue': '1', 'http://rs.iobis.org/obis/terms/measurementTypeID': 'vocab.nerc.ac.uk/collection/P01/current/OCOUNT01', 'http://rs.tdwg.org/dwc/terms/occurrenceID': 'https://darwin.naturalsciences.be/uri/object/4f4d07ef-1807-4e81-b3ed-b28f393e6ef2', 'http://rs.tdwg.org/dwc/terms/measurementType': 'count'}, {'http://rs.tdwg.org/dwc/terms/measurementValue': 'unknown', 'http://rs.iobis.org/obis/terms/measurementTypeID': 'vocab.nerc.ac.uk/collection/P01/current/LSTAGE01', 'http://rs.iobis.org/obis/terms/measurementValueID': 'http://vocab.nerc.ac.uk/collection/S11/current/S1152', 'http://rs.tdwg.org/dwc/terms/occurrenceID': 'https://darwin.naturalsciences.be/uri/object/4f4d07ef-1807-4e81-b3ed-b28f393e6ef2', 'http://rs.tdwg.org/dwc/terms/measurementType': 'lifestage'}, {'http://rs.tdwg.org/dwc/terms/measurementValue': 'unknown', 'http://rs.iobis.org/obis/terms/measurementTypeID': 'vocab.nerc.ac.uk/collection/P01/current/ENTSEX01', 'http://rs.iobis.org/obis/terms/measurementValueID': 'http://vocab.nerc.ac.uk/collection/S10/current/S104', 'http://rs.tdwg.org/dwc/terms/occurrenceID': 'https://darwin.naturalsciences.be/uri/object/4f4d07ef-1807-4e81-b3ed-b28f393e6ef2', 'http://rs.tdwg.org/dwc/terms/measurementType': 'sex'}]}	PRESERVED_SPECIMEN		PRESENT	2117751	1	54	354	9477065	2013	2117630	2117751	2117751	Nymphon serratum G.O.Sars, 1879	Nymphon serratum G.O.Sars, 1879	Animalia	Arthropoda	Pantopoda	Nymphonidae	Nymphon	Nymphon serratum	Nymphon	serratum	SPECIES	ACCEPTED	NE	1931-01-01T00:00:00	70.583333	58.366667		{}	1907.0	8.0	16.0	1907-08-16	228.0	228.0	['GEODETIC_DATUM_ASSUMED_WGS84', 'COUNTRY_DERIVED_FROM_COORDINATES', 'TAXON_MATCH_TAXON_ID_IGNORED', 'TYPE_STATUS_INVALID', 'INSTITUTION_MATCH_NONE']	2021-01-04T11:17:59.958+00:00	2024-01-29T14:49:28.924+00:00		http://creativecommons.org/licenses/by-nc/4.0/legalcode	False	[{'identifier': 'https://darwin.naturalsciences.be/uri/object/4f4d07ef-1807-4e81-b3ed-b28f393e6ef2'}]	[]	[]	[]		True		Giltay L.B. (Dr.)	container type: vial; preservation method: alcohol	WGS84	Pycnogonida	RU	[]	[]	EUROPE	Russian Federation	EUROPE	Royal Belgian Institute of Natural Sciences	https://darwin.naturalsciences.be/uri/object/4f4d07ef-1807-4e81-b3ed-b28f393e6ef2		https://www.wikidata.org/wiki/Q222297	Cara See	urn:catalog:RBINS:Pycnogonida	3025956946	https://darwin.naturalsciences.be/uri/object/4f4d07ef-1807-4e81-b3ed-b28f393e6ef2			RBINS-Scientific Heritage					http://collections.naturalsciences.be/113	Nymphon Fabricius, 1794		1.0	Royal Belgian Institute of Natural Sciences Collection			Kara Sea	https://www.gbif.org/species/2117751	INV.69201						Cara See			urn:lsid:marinespecies.org:taxname:134707			8719/St.149	['17abcf75-2f1e-46dd-bf75-a5b21dd02655', '99d66b6c-9087-452f-a9d4-f15f2c2d0e7e']			RBINS				en	PhysicalObject	http://www.geonames.org/1504324		be_rbins_darwin		urn:catalog:RBINS:IG:8719					Unknown	1.0	SpecimensInContainer		ICZN	Present					
3025739887	8138eb72-f762-11e1-a439-00145eb45e9a	e88c96a3-5884-4e51-a580-e417ca4c9eed	712ce2e3-1409-45c1-9bd4-904991c8aa19	e88c96a3-5884-4e51-a580-e417ca4c9eed	BE	EML	2024-01-29T10:56:16.469+00:00	2024-01-29T14:50:09.260+00:00	274	{'http://rs.iobis.org/obis/terms/ExtendedMeasurementOrFact': [{'http://rs.tdwg.org/dwc/terms/measurementUnit': 'Number of individuals in container', 'http://rs.tdwg.org/dwc/terms/measurementValue': '1', 'http://rs.iobis.org/obis/terms/measurementTypeID': 'vocab.nerc.ac.uk/collection/P01/current/OCOUNT01', 'http://rs.tdwg.org/dwc/terms/occurrenceID': 'https://darwin.naturalsciences.be/uri/object/aee37d13-05a8-4570-80ea-d40d7f9ab1a7', 'http://rs.tdwg.org/dwc/terms/measurementType': 'count'}, {'http://rs.tdwg.org/dwc/terms/measurementValue': 'unknown', 'http://rs.iobis.org/obis/terms/measurementTypeID': 'vocab.nerc.ac.uk/collection/P01/current/LSTAGE01', 'http://rs.iobis.org/obis/terms/measurementValueID': 'http://vocab.nerc.ac.uk/collection/S11/current/S1152', 'http://rs.tdwg.org/dwc/terms/occurrenceID': 'https://darwin.naturalsciences.be/uri/object/aee37d13-05a8-4570-80ea-d40d7f9ab1a7', 'http://rs.tdwg.org/dwc/terms/measurementType': 'lifestage'}, {'http://rs.tdwg.org/dwc/terms/measurementValue': 'unknown', 'http://rs.iobis.org/obis/terms/measurementTypeID': 'vocab.nerc.ac.uk/collection/P01/current/ENTSEX01', 'http://rs.iobis.org/obis/terms/measurementValueID': 'http://vocab.nerc.ac.uk/collection/S10/current/S104', 'http://rs.tdwg.org/dwc/terms/occurrenceID': 'https://darwin.naturalsciences.be/uri/object/aee37d13-05a8-4570-80ea-d40d7f9ab1a7', 'http://rs.tdwg.org/dwc/terms/measurementType': 'sex'}]}	PRESERVED_SPECIMEN		PRESENT	2117751	1	54	354	9477065	2013	2117630	2117751	2117751	Nymphon serratum G.O.Sars, 1879	Nymphon serratum G.O.Sars, 1879	Animalia	Arthropoda	Pantopoda	Nymphonidae	Nymphon	Nymphon serratum	Nymphon	serratum	SPECIES	ACCEPTED	NE	1931-01-01T00:00:00	70.416667	57.933333		{}	1907.0			1907			['GEODETIC_DATUM_ASSUMED_WGS84', 'COUNTRY_DERIVED_FROM_COORDINATES', 'TAXON_MATCH_TAXON_ID_IGNORED', 'TYPE_STATUS_INVALID', 'INSTITUTION_MATCH_NONE']	2021-01-04T12:41:30.105+00:00	2024-01-29T14:50:09.260+00:00		http://creativecommons.org/licenses/by-nc/4.0/legalcode	False	[{'identifier': 'https://darwin.naturalsciences.be/uri/object/aee37d13-05a8-4570-80ea-d40d7f9ab1a7'}]	[]	[]	[]		True		Giltay L.B. (Dr.)	container type: vial; preservation method: alcohol	WGS84	Pycnogonida	RU	[]	[]	EUROPE	Russian Federation	EUROPE	Royal Belgian Institute of Natural Sciences	https://darwin.naturalsciences.be/uri/object/aee37d13-05a8-4570-80ea-d40d7f9ab1a7		https://www.wikidata.org/wiki/Q222297	Cara See	urn:catalog:RBINS:Pycnogonida	3025739887	https://darwin.naturalsciences.be/uri/object/aee37d13-05a8-4570-80ea-d40d7f9ab1a7			RBINS-Scientific Heritage					http://collections.naturalsciences.be/113	Nymphon Fabricius, 1794		1.0	Royal Belgian Institute of Natural Sciences Collection			Kara Sea	https://www.gbif.org/species/2117751	INV.69202						Cara See			urn:lsid:marinespecies.org:taxname:134707			8719/St.153	['17abcf75-2f1e-46dd-bf75-a5b21dd02655', '99d66b6c-9087-452f-a9d4-f15f2c2d0e7e']			RBINS				en	PhysicalObject	http://www.geonames.org/1504324		be_rbins_darwin		urn:catalog:RBINS:IG:8719					Unknown	1.0	SpecimensInContainer		ICZN	Present					
3024487725	e3992de2-60bf-4cdf-9bc5-3e4525d017d6	e88c96a3-5884-4e51-a580-e417ca4c9eed	712ce2e3-1409-45c1-9bd4-904991c8aa19	e88c96a3-5884-4e51-a580-e417ca4c9eed	BE	EML	2024-07-17T09:07:44.666+00:00	2024-07-17T09:08:09.111+00:00	174	{'http://rs.iobis.org/obis/terms/ExtendedMeasurementOrFact': [{'http://rs.tdwg.org/dwc/terms/measurementUnit': 'Number of individuals in container', 'http://rs.tdwg.org/dwc/terms/measurementValue': '1', 'http://rs.iobis.org/obis/terms/measurementTypeID': 'vocab.nerc.ac.uk/collection/P01/current/OCOUNT01', 'http://rs.tdwg.org/dwc/terms/occurrenceID': 'https://darwin.naturalsciences.be/uri/object/aee37d13-05a8-4570-80ea-d40d7f9ab1a7', 'http://rs.tdwg.org/dwc/terms/measurementType': 'count'}, {'http://rs.tdwg.org/dwc/terms/measurementValue': 'unknown', 'http://rs.iobis.org/obis/terms/measurementTypeID': 'vocab.nerc.ac.uk/collection/P01/current/LSTAGE01', 'http://rs.iobis.org/obis/terms/measurementValueID': 'http://vocab.nerc.ac.uk/collection/S11/current/S1152', 'http://rs.tdwg.org/dwc/terms/occurrenceID': 'https://darwin.naturalsciences.be/uri/object/aee37d13-05a8-4570-80ea-d40d7f9ab1a7', 'http://rs.tdwg.org/dwc/terms/measurementType': 'lifestage'}, {'http://rs.tdwg.org/dwc/terms/measurementValue': 'unknown', 'http://rs.iobis.org/obis/terms/measurementTypeID': 'vocab.nerc.ac.uk/collection/P01/current/ENTSEX01', 'http://rs.iobis.org/obis/terms/measurementValueID': 'http://vocab.nerc.ac.uk/collection/S10/current/S104', 'http://rs.tdwg.org/dwc/terms/occurrenceID': 'https://darwin.naturalsciences.be/uri/object/aee37d13-05a8-4570-80ea-d40d7f9ab1a7', 'http://rs.tdwg.org/dwc/terms/measurementType': 'sex'}]}	PRESERVED_SPECIMEN		PRESENT	2117751	1	54	354	9477065	2013	2117630	2117751	2117751	Nymphon serratum G.O.Sars, 1879	Nymphon serratum G.O.Sars, 1879	Animalia	Arthropoda	Pantopoda	Nymphonidae	Nymphon	Nymphon serratum	Nymphon	serratum	SPECIES	ACCEPTED	NE	1931-01-01T00:00:00	70.416667	57.933333		{}	1907.0			1907			['GEODETIC_DATUM_ASSUMED_WGS84', 'COUNTRY_DERIVED_FROM_COORDINATES']	2021-01-04T12:41:30.105+00:00	2024-07-17T09:08:09.111+00:00		http://creativecommons.org/licenses/by-nc/4.0/legalcode	False	[{'identifier': 'https://darwin.naturalsciences.be/uri/object/aee37d13-05a8-4570-80ea-d40d7f9ab1a7'}]	[]	[]	[]	c2bfdeef-9c03-435e-8465-c483dadd6995	True		Giltay L.B. (Dr.)	container type: vial; preservation method: alcohol	WGS84	Pycnogonida	RU	[]	[]	EUROPE	Russian Federation	EUROPE	Royal Belgian Institute of Natural Sciences	https://darwin.naturalsciences.be/uri/object/aee37d13-05a8-4570-80ea-d40d7f9ab1a7		https://ror.org/02y22ws83	Cara See	INV-OTH	3024487725	https://darwin.naturalsciences.be/uri/object/aee37d13-05a8-4570-80ea-d40d7f9ab1a7			RBINS					f68566db-1ecc-4dd1-9743-fa7035a413ec	Nymphon Fabricius, 1794		1.0				Kara Sea		INV.69202						Cara See			urn:lsid:marinespecies.org:taxname:134707			8719/St.153	['17abcf75-2f1e-46dd-bf75-a5b21dd02655']	f68566db-1ecc-4dd1-9743-fa7035a413ec		RBINS						http://www.geonames.org/1504324		be_rbins_invertebrates_cheliceratamarine							Unknown	1.0	SpecimensInContainer	urn:catalog:RBINS:IG:8719	ICZN	Present	aee37d13-05a8-4570-80ea-d40d7f9ab1a7				
1322062452	821cc27a-e3bb-4bc5-ac34-89ada245069d	bc092ff0-02e4-11dc-991f-b8a03c50a862	b2ff19b5-d74f-40d2-82f1-ec5db01e8e31	bc092ff0-02e4-11dc-991f-b8a03c50a862	US	EML	2024-07-02T10:46:41.039+00:00	2024-07-02T12:38:40.661+00:00	395	{}	PRESERVED_SPECIMEN	2.0	PRESENT	2117751	1	54	354	9477065	2013	2117630	2117751	2117751	Nymphon serratum G.O.Sars, 1879	Nymphon serratum G.O.Sars, 1879	Animalia	Arthropoda	Pantopoda	Nymphonidae	Nymphon	Nymphon serratum	Nymphon	serratum	SPECIES	ACCEPTED	NE		70.33	-56.0		{}	1884.0	6.0	12.0	1884-06-12	164.0	164.0	['GEODETIC_DATUM_ASSUMED_WGS84', 'CONTINENT_INVALID', 'OCCURRENCE_STATUS_INFERRED_FROM_INDIVIDUAL_COUNT']	2017-11-21T16:50:00.000+00:00	2024-07-02T12:38:40.661+00:00		http://creativecommons.org/publicdomain/zero/1.0/legalcode	False	[{'identifier': 'http://n2t.net/ark:/65665/3d7033333-04e8-4f7d-8b7a-ad78c289c1a6'}]	[]	[]	[]	586ee56e-b0fe-4dff-b7f9-aeb104f3308a	False	C. Mcclain	Hedgpeth, J. W.	Alcohol (Ethanol)	WGS84	Pycnogonida	GL	[]	[]	NORTH_AMERICA	Greenland	NORTH_AMERICA		http://n2t.net/ark:/65665/3d7033333-04e8-4f7d-8b7a-ad78c289c1a6		urn:lsid:biocol.org:col:34871	Hare Island	IZ	1322062452	http://n2t.net/ark:/65665/3d7033333-04e8-4f7d-8b7a-ad78c289c1a6			USNM				Animalia, Arthropoda, Chelicerata, Pycnogonida, Pantopoda, Nymphonidae	urn:uuid:f14c21a9-8cbf-4c8b-817f-d19d427e2dd6				NMNH Extant Biology		12 JUN 1884			USNM 13764				165.0	0.0	Arctic Ocean, Baffin Bay							['99d66b6c-9087-452f-a9d4-f15f2c2d0e7e']	0174f5b3-da29-4967-b8dc-ce75ed53e35d															Arctic Ocean, Baffin Bay, Greenland									unknown, from legacy	Degrees Minutes Seconds		
4078761205	70bf8d53-be76-4390-920a-300eee146141	f314b0b0-e3dc-11d9-8d81-b8a03c50a862	c4e83f8a-f24c-4573-a197-f085ca242917	64795dcb-ad74-41b3-95e5-cc52ba754776	NO	EML	2024-01-23T16:50:02.693+00:00	2024-01-26T11:58:16.822+00:00	17	{}	PRESERVED_SPECIMEN	1.0	PRESENT	2117751	1	54	354	9477065	2013	2117630	2117751	2117751	Nymphon serratum G.O.Sars, 1879	Nymphon serratum G.O.Sars, 1879	Animalia	Arthropoda	Pantopoda	Nymphonidae	Nymphon	Nymphon serratum	Nymphon	serratum	SPECIES	ACCEPTED	NE		74.88	15.91		{}	1878.0	7.0	22.0	1878-07-22	203.0	203.0	['COUNTRY_DERIVED_FROM_COORDINATES', 'OCCURRENCE_STATUS_INFERRED_FROM_INDIVIDUAL_COUNT']	2019-05-16T00:00:00.000+00:00	2024-01-26T11:58:16.822+00:00		http://creativecommons.org/licenses/by/4.0/legalcode	False	[{'identifier': 'urn:catalog:nhmo:F2307'}]	[]	[]	[]	a9ab29d6-f380-4193-967f-15a64abc09e7	False	Norske Nordhavs ekspedisjonen	Sars, Georg Ossian		WGS84	Pycnogonida	SJ	[]	[]	EUROPE	Svalbard and Jan Mayen	EUROPE		urn:catalog:nhmo:F2307		https://ror.org/01xtthb56	74*53'N, 15*55'Ø	ZMO-Crustacea	4078761205	urn:catalog:nhmo:F2307			UiO					urn:uuid:35701276-4341-4879-a5ba-b503de15e45b			10000.0	Crustacea Collection at NHM (Oslo)					F2307														35701276-4341-4879-a5ba-b503de15e45b																{Medium:Ethanol},{Expedition:Norske Nordhavs ekspedisjonen},{Station number:315}											
4078761206	70bf8d53-be76-4390-920a-300eee146141	f314b0b0-e3dc-11d9-8d81-b8a03c50a862	c4e83f8a-f24c-4573-a197-f085ca242917	64795dcb-ad74-41b3-95e5-cc52ba754776	NO	EML	2024-01-23T16:50:02.693+00:00	2024-01-26T11:58:16.822+00:00	17	{}	PRESERVED_SPECIMEN	1.0	PRESENT	2117751	1	54	354	9477065	2013	2117630	2117751	2117751	Nymphon serratum G.O.Sars, 1879	Nymphon serratum G.O.Sars, 1879	Animalia	Arthropoda	Pantopoda	Nymphonidae	Nymphon	Nymphon serratum	Nymphon	serratum	SPECIES	ACCEPTED	NE					{}	1878.0	8.0		1878-08-01/1878-08-31	213.0	243.0	['OCCURRENCE_STATUS_INFERRED_FROM_INDIVIDUAL_COUNT']	2019-05-16T00:00:00.000+00:00	2024-01-26T11:58:16.822+00:00		http://creativecommons.org/licenses/by/4.0/legalcode	False	[{'identifier': 'urn:catalog:nhmo:F2308'}]	[]	[]	[]	a9ab29d6-f380-4193-967f-15a64abc09e7	False	Norske Nordhavs ekspedisjonen	Sars, Georg Ossian			Pycnogonida		[]	[]			EUROPE		urn:catalog:nhmo:F2308		https://ror.org/01xtthb56	St. 337	ZMO-Crustacea	4078761206	urn:catalog:nhmo:F2308			UiO					urn:uuid:35701276-4341-4879-a5ba-b503de15e45b			10000.0	Crustacea Collection at NHM (Oslo)					F2308														35701276-4341-4879-a5ba-b503de15e45b																{Medium:Ethanol},{Expedition:Norske Nordhavs ekspedisjonen},{Station number:337}											
1056371474	7e380070-f762-11e1-a439-00145eb45e9a	19456090-b49a-11d8-abeb-b8a03c50a862	60277b56-f762-11e1-a439-00145eb45e9a	19456090-b49a-11d8-abeb-b8a03c50a862	GB	DWC_ARCHIVE	2024-07-23T03:26:56.939+00:00	2024-07-23T06:18:01.392+00:00	391	{'http://rs.gbif.org/terms/1.0/Multimedia': [{'http://purl.org/dc/terms/type': 'StillImage', 'http://purl.org/dc/terms/title': 'Zoology Accessions Register: Crustacea - Norman Collection: 1911: page 215', 'http://purl.org/dc/terms/created': '1187788026000', 'http://purl.org/dc/terms/license': 'http://creativecommons.org/licenses/by/4.0/', 'http://purl.org/dc/terms/rightsHolder': 'The Trustees of the Natural History Museum, London', 'http://purl.org/dc/terms/identifier': 'https://data.nhm.ac.uk/media/3b6a643a-f669-48ab-8089-087d4e3d5ec1'}]}	PRESERVED_SPECIMEN		PRESENT	2117751	1	54	354	9477065	2013	2117630	2117751	2117751	Nymphon serratum G.O.Sars, 1879	Nymphon serratum G.O.Sars, 1879	Animalia	Arthropoda	Pantopoda	Nymphonidae	Nymphon	Nymphon serratum	Nymphon	serratum	SPECIES	ACCEPTED	NE					{}	1874.0			1874			['MODIFIED_DATE_INVALID', 'MULTIMEDIA_DATE_INVALID', 'INSTITUTION_MATCH_FUZZY', 'INSTITUTION_COLLECTION_MISMATCH']		2024-07-23T06:18:01.392+00:00		http://creativecommons.org/publicdomain/zero/1.0/legalcode	False	[{'identifier': '2220756'}]	[{'type': 'StillImage', 'title': 'Zoology Accessions Register: Crustacea - Norman Collection: 1911: page 215', 'license': 'http://creativecommons.org/licenses/by/4.0/', 'rightsHolder': 'The Trustees of the Natural History Museum, London', 'identifier': 'https://data.nhm.ac.uk/media/3b6a643a-f669-48ab-8089-087d4e3d5ec1'}]	[]	[]	1d808a7c-1f9e-4379-9616-edb749ecf10e	False					Pycnogonida	GL	[]	[]	NORTH_AMERICA	Greenland	EUROPE		2220756				ZOO	1056371474	502e7cad-a8c1-4dac-83b9-3409ecbdd5f7			NHMUK				Animalia; Arthropoda; Chelicerata; Pycnogonida; Pantopoda; Nymphonidae			NORTH_AMERICA	832.07						1911.11.8.49104													['17abcf75-2f1e-46dd-bf75-a5b21dd02655', '99d66b6c-9087-452f-a9d4-f15f2c2d0e7e']													NHMUK:ecatalogue:2220756			North America; Greenland	"{""associatedMediaCount"": 1, ""barcode"": ""011125993"", ""catalogueDescription"": null, ""chondriteAchondrite"": null, ""chronostratigraphy"": null, ""clutchSize"": null, ""collectionKind"": null, ""collectionName"": ""Norman Collection"", ""commodity"": null, ""created"": 1309211341000, ""currentScientificName"": null, ""dateRegistered"": null, ""depositType"": null, ""determinationFiledAs"": null, ""determinationNames"": ""Nymphon serratum Sars, 1879"", ""determinationTypes"": null, ""donorName"": null, ""expedition"": null, ""exsiccata"": null, ""exsiccataNumber"": null, ""extractionMethod"": null, ""gbifID"": ""1056371474"", ""gbifIssue"": null, ""identificationAsRegistered"": null, ""identificationDescription"": null, ""identificationOther"": null, ""identificationVariety"": null, ""kindOfCollection"": null, ""kindOfObject"": null, ""lithostratigraphy"": null, ""meteoriteClass"": null, ""meteoriteGroup"": null, ""meteoriteType"": null, ""mine"": null, ""mineralComplex"": null, ""observedWeight"": null, ""occurrence"": null, ""partType"": null, ""petrologySubtype"": null, ""petrologyType"": null, ""plantDescription"": null, ""populationCode"": null, ""preparationType"": null, ""preservative"": null, ""project"": null, ""recovery"": null, ""recoveryDate"": null, ""recoveryWeight"": null, ""registeredWeightUnit"": null, ""registrationCode"": ""CR12"", ""resuspendedIn"": null, ""setMark"": null, ""subDepartment"": ""LS Chelicerata and Myriapoda"", ""subfamily"": null, ""suborder"": null, ""superfamily"": null, ""texture"": null, ""totalVolume"": null, ""vessel"": ""Valorous""}"											
4465128519	93efc16a-7eb1-4792-bdec-de1ea69b8c65	c98a8d0d-cab2-4506-8c0f-c91a5e4996b9	5ff1c992-5c84-40aa-bd9a-c1743a870c32	09a9c196-cb5b-4fa1-afc2-3499b868b225	CA	EML	2024-07-17T23:36:27.118+00:00	2024-07-17T23:36:42.191+00:00	160	{}	PRESERVED_SPECIMEN		PRESENT	2117751	1	54	354	9477065	2013	2117630	2117751	2117751	Nymphon serratum G.O.Sars, 1879	Nymphon serratum G.O.Sars, 1879	Animalia	Arthropoda	Pantopoda	Nymphonidae	Nymphon	Nymphon serratum	Nymphon	serratum	SPECIES	ACCEPTED	NE					{}							['TAXON_MATCH_TAXON_ID_IGNORED', 'INSTITUTION_MATCH_FUZZY', 'INSTITUTION_COLLECTION_MISMATCH']		2024-07-17T23:36:42.191+00:00		http://creativecommons.org/licenses/by/4.0/legalcode	False	[{'identifier': 'DFO_MLI_MuseumCollection_12432'}]	[{'references': 'https://inaturalist.ca/observations/174347539'}]	[]	[]	2ae7293d-9c89-46ee-9aa8-ea116dacad3f	False					Pycnogonida		[]	[]			NORTH_AMERICA	His Majesty the King in right of Canada, as represented by the Minister of Fisheries and Oceans	DFO_MLI_MuseumCollection_12432		https://edmo.seadatanet.org/report/4160		MuseumCollection	4465128519	DFO_MLI_MuseumCollection_12432			IML									DFO Quebec Region MLI museum collection				083_01205	12432									urn:lsid:marinespecies.org:taxname:134707			FC33-7								en	PhysicalObject			dfo_que_mli_museum	Nymphon serratum																
3302786038	060eecc9-75b0-4952-bb48-e400d3ad7771	689b40c4-ff31-4cd0-83a5-a7a828f1cd92	c4e83f8a-f24c-4573-a197-f085ca242917	64795dcb-ad74-41b3-95e5-cc52ba754776	NO	EML	2024-07-01T00:01:18.482+00:00	2024-07-01T00:01:28.001+00:00	187	{}	PRESERVED_SPECIMEN	1.0	PRESENT	2117751	1	54	354	9477065	2013	2117630	2117751	2117751	Nymphon serratum G.O.Sars, 1879	Nymphon serratum G.O.Sars, 1879	Animalia	Arthropoda	Pantopoda	Nymphonidae	Nymphon	Nymphon serratum	Nymphon	serratum	SPECIES	ACCEPTED	NE	1960-01-01T00:00:00				{}							['CONTINENT_DERIVED_FROM_COUNTRY', 'OCCURRENCE_STATUS_INFERRED_FROM_INDIVIDUAL_COUNT']	2021-02-03T00:00:00.000+00:00	2024-07-01T00:01:28.001+00:00		http://creativecommons.org/licenses/by/4.0/legalcode	False	[{'identifier': 'urn:catalog:TSZ:EVERT:Ch-364'}]	[]	[]	[]	41930fa9-e6da-4351-bc6e-59dfaca3be7d	False	Hans Larsen Norberg	Nils Knaben|Knud Stephensen	Ethanol		Pycnogonida	NO	[]	[]	EUROPE	Norway	EUROPE		urn:catalog:TSZ:EVERT:Ch-364		https://ror.org/00wge5k78	Spitsbergen	EVERT	3302786038	urn:catalog:TSZ:EVERT:Ch-364			TSZ					db9c8f41-0c88-465b-8f49-5e30583fe517		EUROPE							Ch-364													['17abcf75-2f1e-46dd-bf75-a5b21dd02655']	db9c8f41-0c88-465b-8f49-5e30583fe517				Svalbard							Nymphon serratum	CECDFE40-D612-0FA3-E053-A876F0814F62															
1038144141	7d8ed137-1d30-42f1-8b78-12a4957e4690	021121c0-f040-11d8-b22f-b8a03c50a862	6047d0d6-f762-11e1-a439-00145eb45e9a	021121c0-f040-11d8-b22f-b8a03c50a862	DE	BIOCASE	2023-09-21T02:23:27.615+00:00	2024-01-25T09:13:03.647+00:00	213	{}	PRESERVED_SPECIMEN		PRESENT	2117751	1	54	354	9477065	2013	2117630	2117751	2117751	Nymphon serratum G.O.Sars, 1879	Nymphon serratum G.O.Sars, 1879	Animalia	Arthropoda	Pantopoda	Nymphonidae	Nymphon	Nymphon serratum	Nymphon	serratum	SPECIES	ACCEPTED	NE					{}							['INSTITUTION_MATCH_NONE']		2024-01-25T09:13:03.647+00:00		http://creativecommons.org/licenses/by/4.0/legalcode	False	[{'identifier': 'urn:catalog:ZMB/Pyc:Museum für Naturkunde, Berlin - Pycnogonida:170527'}]	[]	[]	[]		False	Meinert (Ingolf-Exp. Mus. Kopenhagen)				Pycnogonida		[]	[]			EUROPE						Museum für Naturkunde, Berlin - Pycnogonida	1038144141				ZMB/Pyc														170527																																									
1038144149	7d8ed137-1d30-42f1-8b78-12a4957e4690	021121c0-f040-11d8-b22f-b8a03c50a862	6047d0d6-f762-11e1-a439-00145eb45e9a	021121c0-f040-11d8-b22f-b8a03c50a862	DE	BIOCASE	2023-09-21T02:23:27.615+00:00	2024-01-25T09:13:05.796+00:00	213	{}	PRESERVED_SPECIMEN		PRESENT	2117751	1	54	354	9477065	2013	2117630	2117751	2117751	Nymphon serratum G.O.Sars, 1879	Nymphon serratum G.O.Sars, 1879	Animalia	Arthropoda	Pantopoda	Nymphonidae	Nymphon	Nymphon serratum	Nymphon	serratum	SPECIES	ACCEPTED	NE					{}							['INSTITUTION_MATCH_NONE']		2024-01-25T09:13:05.796+00:00		http://creativecommons.org/licenses/by/4.0/legalcode	False	[{'identifier': 'urn:catalog:ZMB/Pyc:Museum für Naturkunde, Berlin - Pycnogonida:170528'}]	[]	[]	[]		False	Römer & Schaudinn				Pycnogonida		[]	[]			EUROPE						Museum für Naturkunde, Berlin - Pycnogonida	1038144149				ZMB/Pyc														170528																																									
1038144161	7d8ed137-1d30-42f1-8b78-12a4957e4690	021121c0-f040-11d8-b22f-b8a03c50a862	6047d0d6-f762-11e1-a439-00145eb45e9a	021121c0-f040-11d8-b22f-b8a03c50a862	DE	BIOCASE	2023-09-21T02:23:27.615+00:00	2024-01-25T09:13:05.807+00:00	213	{}	PRESERVED_SPECIMEN		PRESENT	2117751	1	54	354	9477065	2013	2117630	2117751	2117751	Nymphon serratum G.O.Sars, 1879	Nymphon serratum G.O.Sars, 1879	Animalia	Arthropoda	Pantopoda	Nymphonidae	Nymphon	Nymphon serratum	Nymphon	serratum	SPECIES	ACCEPTED	NE					{}							['INSTITUTION_MATCH_NONE']		2024-01-25T09:13:05.807+00:00		http://creativecommons.org/licenses/by/4.0/legalcode	False	[{'identifier': 'urn:catalog:ZMB/Pyc:Museum für Naturkunde, Berlin - Pycnogonida:170529'}]	[]	[]	[]		False	Römer & Schaudinn				Pycnogonida		[]	[]			EUROPE						Museum für Naturkunde, Berlin - Pycnogonida	1038144161				ZMB/Pyc														170529																																									
1038144122	7d8ed137-1d30-42f1-8b78-12a4957e4690	021121c0-f040-11d8-b22f-b8a03c50a862	6047d0d6-f762-11e1-a439-00145eb45e9a	021121c0-f040-11d8-b22f-b8a03c50a862	DE	BIOCASE	2023-09-21T02:23:27.615+00:00	2024-01-25T09:13:05.928+00:00	213	{}	PRESERVED_SPECIMEN		PRESENT	2117751	1	54	354	9477065	2013	2117630	2117751	2117751	Nymphon serratum G.O.Sars, 1879	Nymphon serratum G.O.Sars, 1879	Animalia	Arthropoda	Pantopoda	Nymphonidae	Nymphon	Nymphon serratum	Nymphon	serratum	SPECIES	ACCEPTED	NE					{}							['INSTITUTION_MATCH_NONE']		2024-01-25T09:13:05.928+00:00		http://creativecommons.org/licenses/by/4.0/legalcode	False	[{'identifier': 'urn:catalog:ZMB/Pyc:Museum für Naturkunde, Berlin - Pycnogonida:170530'}]	[]	[]	[]		False	Römer & Schaudinn				Pycnogonida		[]	[]			EUROPE						Museum für Naturkunde, Berlin - Pycnogonida	1038144122				ZMB/Pyc														170530																																									
