key	datasetKey	publishingOrgKey	networkKeys	installationKey	hostingOrganizationKey	publishingCountry	protocol	lastCrawled	lastParsed	crawlId	projectId	extensions	basisOfRecord	occurrenceStatus	lifeStage	taxonKey	kingdomKey	phylumKey	classKey	orderKey	familyKey	genusKey	speciesKey	acceptedTaxonKey	scientificName	acceptedScientificName	kingdom	phylum	order	family	genus	species	genericName	specificEpithet	taxonRank	taxonomicStatus	iucnRedListCategory	decimalLatitude	decimalLongitude	coordinateUncertaintyInMeters	depth	depthAccuracy	continent	gadm	year	month	day	eventDate	startDayOfYear	endDayOfYear	issues	lastInterpreted	license	organismQuantity	organismQuantityType	isSequenced	identifiers	media	facts	relations	institutionKey	isInCluster	identifiedBy	preparations	samplingProtocol	geodeticDatum	class	countryCode	recordedByIDs	identifiedByIDs	gbifRegion	country	publishedByGbifRegion	eventID	identifier	scientificNameID	institutionID	verbatimEventDate	footprintWKT	fieldNumber	language	gbifID	occurrenceID	type	catalogNumber	institutionCode	datasetID	recordNumber	http://unknown.org/taxonRankID	taxonConceptID	identificationQualifier	http://unknown.org/species	taxonID	individualCount	modified	collectionKey	recordedBy	locality	collectionCode	collectionID	dateIdentified	rightsHolder	nomenclaturalCode	verbatimLocality	disposition	locationID	ownerInstitutionCode	parentNameUsage	materialEntityID	datasetName	otherCatalogNumbers	typeStatus	dynamicProperties	higherClassification	sex	originalNameUsage	county	associatedReferences	identificationVerificationStatus	http://unknown.org/orders	nameAccordingTo	http://unknown.org/language	references	bibliographicCitation
3386516305	1e7b6980-0842-4c4a-8b14-541b95d2ed3c	104e9c96-791b-4f14-978c-f581cb214912	['8534dd20-c368-4a1f-bdaf-e6b390710f89', '2b7c7b4f-4d4f-40d3-94de-c28b6fa054a6']	27c24cba-13c5-47d1-96a1-16abd8f11437	fb10a11f-4417-41c8-be6a-13a5c8535122	GB	EML	2024-01-23T14:13:17.412+00:00	2024-01-26T10:52:24.134+00:00	97	GOIPG/2019/4020	{}	PRESERVED_SPECIMEN	PRESENT	Juvenile	2117651	1	54	354	9477065	2013	2117630	2117651	2117651	Nymphon multituberculatum Gordon, 1944	Nymphon multituberculatum Gordon, 1944	Animalia	Arthropoda	Pantopoda	Nymphonidae	Nymphon	Nymphon multituberculatum	Nymphon	multituberculatum	SPECIES	ACCEPTED	NE	-76.1691	-27.7973	78.0	552.9449999999999	8.055000000000007	ANTARCTICA	{}	2012.0	2.0	21.0	2012-02-21	52.0	52.0	['CONTINENT_DERIVED_FROM_COORDINATES', 'COLLECTION_MATCH_NONE']	2024-01-26T10:52:24.134+00:00	http://creativecommons.org/licenses/by/4.0/legalcode	5.0	individuals	False	[{'identifier': 'JR275_496.1'}]	[]	[]	[]	da671615-9a15-4844-9d5e-ef66382192fb	False	Jamie Maxwell	Whole animal in 96% ethanol	Agassiz trawl|https://www.bodc.ac.uk/resources/inventories/cruise_inventory/reports/jr275.pdf	WGS84	Pycnogonida	AQ	[]	[{'type': 'ORCID', 'value': 'https://orcid.org/0000-0001-5705-2811'}]	ANTARCTICA	Antarctica	EUROPE	JR275	JR275_496.1	urn:lsid:marinespecies.org:taxname:173462	https://ror.org/01rhff309	21/02/2012	LINESTRING (-27.79567 -76.16965, -27.79901 -76.1685)	JR275_38	en	3386516305	JR275_496.1	PhysicalObject	JR275_496.1	BAS																																						
3386516567	1e7b6980-0842-4c4a-8b14-541b95d2ed3c	104e9c96-791b-4f14-978c-f581cb214912	['8534dd20-c368-4a1f-bdaf-e6b390710f89', '2b7c7b4f-4d4f-40d3-94de-c28b6fa054a6']	27c24cba-13c5-47d1-96a1-16abd8f11437	fb10a11f-4417-41c8-be6a-13a5c8535122	GB	EML	2024-01-23T14:13:17.412+00:00	2024-01-26T10:52:24.491+00:00	97	GOIPG/2019/4020	{}	PRESERVED_SPECIMEN	PRESENT		2117651	1	54	354	9477065	2013	2117630	2117651	2117651	Nymphon multituberculatum Gordon, 1944	Nymphon multituberculatum Gordon, 1944	Animalia	Arthropoda	Pantopoda	Nymphonidae	Nymphon	Nymphon multituberculatum	Nymphon	multituberculatum	SPECIES	ACCEPTED	NE	-70.9382	-10.5463	142.0	311.6	1.0999999999999943	ANTARCTICA	{}	2011.0	3.0	28.0	2011-03-28	87.0	87.0	['CONTINENT_DERIVED_FROM_COORDINATES', 'COLLECTION_MATCH_NONE']	2024-01-26T10:52:24.491+00:00	http://creativecommons.org/licenses/by/4.0/legalcode	1.0	individuals	False	[{'identifier': 'ANTXXVII/3_PS77_1280_2.1'}]	[]	[]	[]	da671615-9a15-4844-9d5e-ef66382192fb	False	Jamie Maxwell	Whole animal in 96% ethanol	Rauschert dredge|https://epic.awi.de/id/eprint/30175/1/644-2012%20ANT27-3%20RKnust.pdf	WGS84	Pycnogonida	AQ	[]	[{'type': 'ORCID', 'value': 'https://orcid.org/0000-0001-5705-2811'}]	ANTARCTICA	Antarctica	EUROPE	PS77	ANTXXVII/3_PS77_1280_2.1	urn:lsid:marinespecies.org:taxname:173462	https://ror.org/01rhff309	28/03/2011	LINESTRING (-10.548667 -70.93717, -10.54383333 -70.93916667)	PS77_PS77/280-2	en	3386516567	ANTXXVII/3_PS77_1280_2.1	PhysicalObject	ANTXXVII/3_PS77_1280_2.1	BAS																																						
3386516663	1e7b6980-0842-4c4a-8b14-541b95d2ed3c	104e9c96-791b-4f14-978c-f581cb214912	['8534dd20-c368-4a1f-bdaf-e6b390710f89', '2b7c7b4f-4d4f-40d3-94de-c28b6fa054a6']	27c24cba-13c5-47d1-96a1-16abd8f11437	fb10a11f-4417-41c8-be6a-13a5c8535122	GB	EML	2024-01-23T14:13:17.412+00:00	2024-01-26T10:52:24.562+00:00	97	GOIPG/2019/4020	{}	PRESERVED_SPECIMEN	PRESENT		2117651	1	54	354	9477065	2013	2117630	2117651	2117651	Nymphon multituberculatum Gordon, 1944	Nymphon multituberculatum Gordon, 1944	Animalia	Arthropoda	Pantopoda	Nymphonidae	Nymphon	Nymphon multituberculatum	Nymphon	multituberculatum	SPECIES	ACCEPTED	NE	-70.8435	-10.5842	847.0	254.6	29.099999999999994		{}	2011.0	4.0	1.0	2011-04-01	91.0	91.0	['COLLECTION_MATCH_NONE']	2024-01-26T10:52:24.562+00:00	http://creativecommons.org/licenses/by/4.0/legalcode	1.0	individuals	False	[{'identifier': 'PS77_301-1.5'}]	[]	[]	[]	da671615-9a15-4844-9d5e-ef66382192fb	False	Jana Domel	96% ethanol	bottom trawl|https://epic.awi.de/id/eprint/30175/1/644-2012%20ANT27-3%20RKnust.pdf	WGS84	Pycnogonida	AQ	[]	[]	ANTARCTICA	Antarctica	EUROPE	PS77	PS77_301-1.5	urn:lsid:marinespecies.org:taxname:173462	https://ror.org/01rhff309	1/4/2011	LINESTRING (-10.587833 -70.851, -10.58066667 -70.836)	PS77_PS77/301-1	en	3386516663	PS77_301-1.5	PhysicalObject	PS77_301-1.5	BAS																																						
3466772952	149e44e7-fb0b-4db0-a40a-86e64eb8baf3	3693ff90-4c16-11d8-b290-b8a03c50a862		1cbabffe-9073-4007-ba1e-40ebcda6e302	3693ff90-4c16-11d8-b290-b8a03c50a862	AU	DWC_ARCHIVE	2024-06-23T06:50:21.823+00:00	2024-06-23T06:51:21.834+00:00	273		{}	HUMAN_OBSERVATION	PRESENT		2117651	1	54	354	9477065	2013	2117630	2117651	2117651	Nymphon multituberculatum Gordon, 1944	Nymphon multituberculatum Gordon, 1944	Animalia	Arthropoda	Pantopoda	Nymphonidae	Nymphon	Nymphon multituberculatum	Nymphon	multituberculatum	SPECIES	ACCEPTED	NE				234.0		ANTARCTICA	{}	2008.0	1.0	12.0	2008-01-12	12.0	12.0	['TAXON_MATCH_TAXON_CONCEPT_ID_IGNORED', 'TAXON_MATCH_TAXON_ID_IGNORED']	2024-06-23T06:51:21.834+00:00	http://creativecommons.org/licenses/by/4.0/legalcode	5.0	Individuals	False	[{'identifier': '04916778-0569-4356-bdc7-866999fbb0cc'}]	[]	[]	[]		False					Pycnogonida	AQ	[]	[]	ANTARCTICA	Antarctica	OCEANIA	SampleStation_ 1	04916778-0569-4356-bdc7-866999fbb0cc	urn:lsid:marinespecies.org:taxname:173462		1/12/2008				3466772952	04916778-0569-4356-bdc7-866999fbb0cc				ASAC_3010_0434	IU-2007-230	7000	https://biodiversity.org.au/afd/taxa/f022bc78-de95-41c0-ba3e-d28d9c5cc2ce	Species	Nymphon multituberculatum	173462																															
3466772829	149e44e7-fb0b-4db0-a40a-86e64eb8baf3	3693ff90-4c16-11d8-b290-b8a03c50a862		1cbabffe-9073-4007-ba1e-40ebcda6e302	3693ff90-4c16-11d8-b290-b8a03c50a862	AU	DWC_ARCHIVE	2024-06-23T06:50:21.823+00:00	2024-06-23T06:51:20.659+00:00	273		{}	HUMAN_OBSERVATION	PRESENT		2117651	1	54	354	9477065	2013	2117630	2117651	2117651	Nymphon multituberculatum Gordon, 1944	Nymphon multituberculatum Gordon, 1944	Animalia	Arthropoda	Pantopoda	Nymphonidae	Nymphon	Nymphon multituberculatum	Nymphon	multituberculatum	SPECIES	ACCEPTED	NE				176.9		ANTARCTICA	{}	2008.0	1.0	13.0	2008-01-13	13.0	13.0	['TAXON_MATCH_TAXON_CONCEPT_ID_IGNORED', 'TAXON_MATCH_TAXON_ID_IGNORED']	2024-06-23T06:51:20.659+00:00	http://creativecommons.org/licenses/by/4.0/legalcode	1.0	Individuals	False	[{'identifier': '2b933b63-25a7-46c7-bcb0-236599ee9ed2'}]	[]	[]	[]		False					Pycnogonida	AQ	[]	[]	ANTARCTICA	Antarctica	OCEANIA	SampleStation_ 11	2b933b63-25a7-46c7-bcb0-236599ee9ed2	urn:lsid:marinespecies.org:taxname:173462		1/13/2008				3466772829	2b933b63-25a7-46c7-bcb0-236599ee9ed2				ASAC_3010_0716	IU-2007-77e	7000	https://biodiversity.org.au/afd/taxa/f022bc78-de95-41c0-ba3e-d28d9c5cc2ce	Species	Nymphon multituberculatum	173462																															
3466772672	149e44e7-fb0b-4db0-a40a-86e64eb8baf3	3693ff90-4c16-11d8-b290-b8a03c50a862		1cbabffe-9073-4007-ba1e-40ebcda6e302	3693ff90-4c16-11d8-b290-b8a03c50a862	AU	DWC_ARCHIVE	2024-06-23T06:50:21.823+00:00	2024-06-23T06:51:19.723+00:00	273		{}	HUMAN_OBSERVATION	PRESENT		2117651	1	54	354	9477065	2013	2117630	2117651	2117651	Nymphon multituberculatum Gordon, 1944	Nymphon multituberculatum Gordon, 1944	Animalia	Arthropoda	Pantopoda	Nymphonidae	Nymphon	Nymphon multituberculatum	Nymphon	multituberculatum	SPECIES	ACCEPTED	NE				443.67		ANTARCTICA	{}	2008.0	1.0	14.0	2008-01-14	14.0	14.0	['TAXON_MATCH_TAXON_CONCEPT_ID_IGNORED', 'TAXON_MATCH_TAXON_ID_IGNORED']	2024-06-23T06:51:19.723+00:00	http://creativecommons.org/licenses/by/4.0/legalcode	1.0	Individuals	False	[{'identifier': 'bbde89c2-febf-486f-a687-a4b97e61b366'}]	[]	[]	[]		False					Pycnogonida	AQ	[]	[]	ANTARCTICA	Antarctica	OCEANIA	SampleStation_ 72	bbde89c2-febf-486f-a687-a4b97e61b366	urn:lsid:marinespecies.org:taxname:173462		1/14/2008				3466772672	bbde89c2-febf-486f-a687-a4b97e61b366				ASAC_3010_0471	IU-2007-263	7000	https://biodiversity.org.au/afd/taxa/f022bc78-de95-41c0-ba3e-d28d9c5cc2ce	Species	Nymphon multituberculatum	173462																															
3466773089	149e44e7-fb0b-4db0-a40a-86e64eb8baf3	3693ff90-4c16-11d8-b290-b8a03c50a862		1cbabffe-9073-4007-ba1e-40ebcda6e302	3693ff90-4c16-11d8-b290-b8a03c50a862	AU	DWC_ARCHIVE	2024-06-23T06:50:21.823+00:00	2024-06-23T06:51:23.002+00:00	273		{}	HUMAN_OBSERVATION	PRESENT		2117651	1	54	354	9477065	2013	2117630	2117651	2117651	Nymphon multituberculatum Gordon, 1944	Nymphon multituberculatum Gordon, 1944	Animalia	Arthropoda	Pantopoda	Nymphonidae	Nymphon	Nymphon multituberculatum	Nymphon	multituberculatum	SPECIES	ACCEPTED	NE				370.38		ANTARCTICA	{}	2008.0	1.0	12.0	2008-01-12	12.0	12.0	['TAXON_MATCH_TAXON_CONCEPT_ID_IGNORED', 'TAXON_MATCH_TAXON_ID_IGNORED']	2024-06-23T06:51:23.002+00:00	http://creativecommons.org/licenses/by/4.0/legalcode	1.0	Individuals	False	[{'identifier': 'ca03c2ac-2318-4a2f-a445-ce6059aa896e'}]	[]	[]	[]		False					Pycnogonida	AQ	[]	[]	ANTARCTICA	Antarctica	OCEANIA	SampleStation_ 54	ca03c2ac-2318-4a2f-a445-ce6059aa896e	urn:lsid:marinespecies.org:taxname:173462		1/12/2008				3466773089	ca03c2ac-2318-4a2f-a445-ce6059aa896e				ASAC_3010_0450	IU-2007-244	7000	https://biodiversity.org.au/afd/taxa/f022bc78-de95-41c0-ba3e-d28d9c5cc2ce	Species	Nymphon multituberculatum	173462																															
3466772399	149e44e7-fb0b-4db0-a40a-86e64eb8baf3	3693ff90-4c16-11d8-b290-b8a03c50a862		1cbabffe-9073-4007-ba1e-40ebcda6e302	3693ff90-4c16-11d8-b290-b8a03c50a862	AU	DWC_ARCHIVE	2024-06-23T06:50:21.823+00:00	2024-06-23T06:51:15.776+00:00	273		{}	HUMAN_OBSERVATION	PRESENT		2117651	1	54	354	9477065	2013	2117630	2117651	2117651	Nymphon multituberculatum Gordon, 1944	Nymphon multituberculatum Gordon, 1944	Animalia	Arthropoda	Pantopoda	Nymphonidae	Nymphon	Nymphon multituberculatum	Nymphon	multituberculatum	SPECIES	ACCEPTED	NE				370.38		ANTARCTICA	{}	2008.0	1.0	12.0	2008-01-12	12.0	12.0	['TAXON_MATCH_TAXON_CONCEPT_ID_IGNORED', 'TAXON_MATCH_TAXON_ID_IGNORED']	2024-06-23T06:51:15.776+00:00	http://creativecommons.org/licenses/by/4.0/legalcode	1.0	Individuals	False	[{'identifier': 'd8b7b3e8-b19e-42a3-b364-22f2ac560e58'}]	[]	[]	[]		False					Pycnogonida	AQ	[]	[]	ANTARCTICA	Antarctica	OCEANIA	SampleStation_ 54	d8b7b3e8-b19e-42a3-b364-22f2ac560e58	urn:lsid:marinespecies.org:taxname:173462		1/12/2008				3466772399	d8b7b3e8-b19e-42a3-b364-22f2ac560e58				ASAC_3010_0446	IU-2007-240	7000	https://biodiversity.org.au/afd/taxa/f022bc78-de95-41c0-ba3e-d28d9c5cc2ce	Species	Nymphon multituberculatum	173462																															
4462709315	da6a07ed-9eee-460d-9448-910f542c1a7b	2cd829bb-b713-433d-99cf-64bef11e5b3e	['17abcf75-2f1e-46dd-bf75-a5b21dd02655']	86c2834b-fcd6-418d-9b32-aca45110a0fe	2cd829bb-b713-433d-99cf-64bef11e5b3e	FR	EML	2024-07-24T12:23:52.237+00:00	2024-07-24T12:24:53.542+00:00	564		{'http://rs.tdwg.org/dwc/terms/Identification': [{'http://rs.tdwg.org/dwc/terms/namePublishedInYear': '1944', 'http://rs.tdwg.org/dwc/terms/order': 'Pantopoda', 'http://rs.tdwg.org/dwc/terms/higherClassification': 'Nymphon;Nymphonidae;Pantopoda;Arthropoda', 'http://rs.tdwg.org/dwc/terms/scientificNameAuthorship': 'Gordon, 1944', 'http://rs.tdwg.org/dwc/terms/class': 'Pycnogonida', 'http://rs.tdwg.org/dwc/terms/identificationID': 'INVMAR|585745', 'http://rs.tdwg.org/dwc/terms/family': 'Nymphonidae', 'http://rs.tdwg.org/dwc/terms/genus': 'Nymphon', 'http://rs.tdwg.org/dwc/terms/specificEpithet': 'multituberculatum', 'http://rs.tdwg.org/dwc/terms/dateIdentified': '2018', 'http://rs.tdwg.org/dwc/terms/identificationVerificationStatus': '1', 'http://rs.tdwg.org/dwc/terms/taxonID': 'INVMAR|25205', 'http://rs.tdwg.org/dwc/terms/identifiedBy': 'Arango C.', 'http://rs.tdwg.org/dwc/terms/phylum': 'Arthropoda', 'http://rs.tdwg.org/dwc/terms/scientificName': 'Nymphon multituberculatum Gordon, 1944'}]}	PRESERVED_SPECIMEN	PRESENT		2117651	1	54	354	9477065	2013	2117630	2117651	2117651	Nymphon multituberculatum Gordon, 1944	Nymphon multituberculatum Gordon, 1944	Animalia	Arthropoda	Pantopoda	Nymphonidae	Nymphon	Nymphon multituberculatum	Nymphon	multituberculatum	SPECIES	ACCEPTED	NE	-66.563407	141.29965		187.5	11.5		{}	2008.0	1.0	13.0	2008-01-13	13.0	13.0	['GEODETIC_DATUM_ASSUMED_WGS84', 'OCCURRENCE_STATUS_INFERRED_FROM_INDIVIDUAL_COUNT', 'INSTITUTION_MATCH_FUZZY']	2024-07-24T12:24:53.542+00:00	http://creativecommons.org/licenses/by/4.0/legalcode			False	[{'identifier': 'http://coldb.mnhn.fr/catalognumber/mnhn/iu/2022-3483'}]	[]	[]	[]	6a6ac6c5-1b8a-48db-91a2-f8661274ff80	False	Arango C.			WGS84	Pycnogonida	AQ	[]	[]	ANTARCTICA	Antarctica	EUROPE		http://coldb.mnhn.fr/catalognumber/mnhn/iu/2022-3483					CEAMARC/11EV424		4462709315	http://coldb.mnhn.fr/catalognumber/mnhn/iu/2022-3483		2022-3483	MNHN								1.0	2015-08-25T12:39:13.000+00:00	0641bf3b-29ad-42c9-b3c7-ffb5a76f6954	IPEV-AAD-MNHN	Terre Ad√©lie	IU	10.15468/qgvvhd																								
3386516987	1e7b6980-0842-4c4a-8b14-541b95d2ed3c	104e9c96-791b-4f14-978c-f581cb214912	['8534dd20-c368-4a1f-bdaf-e6b390710f89', '2b7c7b4f-4d4f-40d3-94de-c28b6fa054a6']	27c24cba-13c5-47d1-96a1-16abd8f11437	fb10a11f-4417-41c8-be6a-13a5c8535122	GB	EML	2024-01-23T14:13:17.412+00:00	2024-01-26T10:52:24.778+00:00	97	GOIPG/2019/4020	{}	PRESERVED_SPECIMEN	PRESENT		2117651	1	54	354	9477065	2013	2117630	2117651	2117651	Nymphon multituberculatum Gordon, 1944	Nymphon multituberculatum Gordon, 1944	Animalia	Arthropoda	Pantopoda	Nymphonidae	Nymphon	Nymphon multituberculatum	Nymphon	multituberculatum	SPECIES	ACCEPTED	NE	-70.3988	-8.32	350.0	598.5	3.5		{}	2008.0	1.0	12.0	2008-01-12	12.0	12.0	['COLLECTION_MATCH_NONE']	2024-01-26T10:52:24.778+00:00	http://creativecommons.org/licenses/by/4.0/legalcode	5.0	individuals	False	[{'identifier': 'PS71_1469_05'}]	[]	[]	[]	da671615-9a15-4844-9d5e-ef66382192fb	False	Jamie Maxwell	Whole animal in 96% ethanol	Agassiz trawl|https://www.bodc.ac.uk/resources/inventories/cruise_inventory/reports/polarstern_antxxiv3.pdf	WGS84	Pycnogonida	AQ	[]	[{'type': 'ORCID', 'value': 'https://orcid.org/0000-0001-5705-2811'}]	ANTARCTICA	Antarctica	EUROPE	PS71	PS71_1469_05	urn:lsid:marinespecies.org:taxname:173462	https://ror.org/01rhff309	12/1/2008	LINESTRING (-8.3286667 -70.4, -8.311333333 -70.39766667)	PS71_048-1	en	3386516987	PS71_1469_05	PhysicalObject	PS71_1469_05	BAS																																						
240912363	7b52e794-f762-11e1-a439-00145eb45e9a	104e9c96-791b-4f14-978c-f581cb214912	['8534dd20-c368-4a1f-bdaf-e6b390710f89', '2b7c7b4f-4d4f-40d3-94de-c28b6fa054a6']	27c24cba-13c5-47d1-96a1-16abd8f11437	fb10a11f-4417-41c8-be6a-13a5c8535122	GB	EML	2023-01-08T06:21:55.654+00:00	2024-01-24T20:20:48.157+00:00	242		{}	HUMAN_OBSERVATION	PRESENT		2117651	1	54	354	9477065	2013	2117630	2117651	2117651	Nymphon multituberculatum Gordon, 1944	Nymphon multituberculatum Gordon, 1944	Animalia	Arthropoda	Pantopoda	Nymphonidae	Nymphon	Nymphon multituberculatum	Nymphon	multituberculatum	SPECIES	ACCEPTED	NE	-70.481667	-8.251667		286.0	0.0	ANTARCTICA	{}	1996.0	3.0	4.0	1996-03-04	64.0	64.0	['COORDINATE_ROUNDED', 'GEODETIC_DATUM_ASSUMED_WGS84', 'COUNTRY_DERIVED_FROM_COORDINATES', 'CONTINENT_DERIVED_FROM_COORDINATES']	2024-01-24T20:20:48.157+00:00	http://creativecommons.org/licenses/by/4.0/legalcode			False	[{'identifier': 'urn:catalog:AWI:Weddell Sea macrozoobenthos EASIZ I:2829'}]	[]	[]	[]		False				WGS84	Pycnogonida	AQ	[]	[]	ANTARCTICA	Antarctica	EUROPE		urn:catalog:AWI:Weddell Sea macrozoobenthos EASIZ I:2829	urn:lsid:marinespecies.org:taxname:173462						240912363	urn:catalog:AWI:Weddell Sea macrozoobenthos EASIZ I:2829		2829	AWI	IMIS:dasid:2432								2010-05-11T18:09:00.000+00:00			Kapp Norvegia area	Weddell Sea macrozoobenthos EASIZ I																									
3024487622	e3992de2-60bf-4cdf-9bc5-3e4525d017d6	e88c96a3-5884-4e51-a580-e417ca4c9eed	['17abcf75-2f1e-46dd-bf75-a5b21dd02655']	712ce2e3-1409-45c1-9bd4-904991c8aa19	e88c96a3-5884-4e51-a580-e417ca4c9eed	BE	EML	2024-07-17T09:07:44.666+00:00	2024-07-17T09:08:08.070+00:00	174		{'http://rs.iobis.org/obis/terms/ExtendedMeasurementOrFact': [{'http://rs.tdwg.org/dwc/terms/measurementUnit': 'Number of individuals in container', 'http://rs.tdwg.org/dwc/terms/measurementValue': '1', 'http://rs.iobis.org/obis/terms/measurementTypeID': 'vocab.nerc.ac.uk/collection/P01/current/OCOUNT01', 'http://rs.tdwg.org/dwc/terms/occurrenceID': 'https://darwin.naturalsciences.be/uri/object/991ed0c4-84d2-4ef2-bd80-580a2ff93182', 'http://rs.tdwg.org/dwc/terms/measurementType': 'count'}, {'http://rs.tdwg.org/dwc/terms/measurementValue': 'unknown', 'http://rs.iobis.org/obis/terms/measurementTypeID': 'vocab.nerc.ac.uk/collection/P01/current/LSTAGE01', 'http://rs.iobis.org/obis/terms/measurementValueID': 'http://vocab.nerc.ac.uk/collection/S11/current/S1152', 'http://rs.tdwg.org/dwc/terms/occurrenceID': 'https://darwin.naturalsciences.be/uri/object/991ed0c4-84d2-4ef2-bd80-580a2ff93182', 'http://rs.tdwg.org/dwc/terms/measurementType': 'lifestage'}, {'http://rs.tdwg.org/dwc/terms/measurementValue': 'unknown', 'http://rs.iobis.org/obis/terms/measurementTypeID': 'vocab.nerc.ac.uk/collection/P01/current/ENTSEX01', 'http://rs.iobis.org/obis/terms/measurementValueID': 'http://vocab.nerc.ac.uk/collection/S10/current/S104', 'http://rs.tdwg.org/dwc/terms/occurrenceID': 'https://darwin.naturalsciences.be/uri/object/991ed0c4-84d2-4ef2-bd80-580a2ff93182', 'http://rs.tdwg.org/dwc/terms/measurementType': 'sex'}]}	PRESERVED_SPECIMEN	PRESENT	Unknown	2117651	1	54	354	9477065	2013	2117630	2117651	2117651	Nymphon multituberculatum Gordon, 1944	Nymphon multituberculatum Gordon, 1944	Animalia	Arthropoda	Pantopoda	Nymphonidae	Nymphon	Nymphon multituberculatum	Nymphon	multituberculatum	SPECIES	ACCEPTED	NE	-70.3	24.25	1000.0			ANTARCTICA	{}	1967.0	2.0	1.0	1967-02-01	32.0	32.0	['GEODETIC_DATUM_ASSUMED_WGS84', 'COUNTRY_DERIVED_FROM_COORDINATES', 'CONTINENT_DERIVED_FROM_COORDINATES']	2024-07-17T09:08:08.070+00:00	http://creativecommons.org/licenses/by-nc/4.0/legalcode	1.0	SpecimensInContainer	False	[{'identifier': 'https://darwin.naturalsciences.be/uri/object/991ed0c4-84d2-4ef2-bd80-580a2ff93182'}]	[]	[]	[]	c2bfdeef-9c03-435e-8465-c483dadd6995	True	Krapp F	container type: vial; preservation method: alcohol		WGS84	Pycnogonida	AQ	[]	[]	ANTARCTICA	Antarctica	EUROPE		https://darwin.naturalsciences.be/uri/object/991ed0c4-84d2-4ef2-bd80-580a2ff93182	urn:lsid:marinespecies.org:taxname:173462	https://ror.org/02y22ws83			23694/St.235		3024487622	https://darwin.naturalsciences.be/uri/object/991ed0c4-84d2-4ef2-bd80-580a2ff93182		INV.69197	RBINS	be_rbins_invertebrates_cheliceratamarine	urn:catalog:RBINS:IG:23694							2020-10-27T07:50:03.607+00:00	f68566db-1ecc-4dd1-9743-fa7035a413ec		Antarctica	INV-OTH	f68566db-1ecc-4dd1-9743-fa7035a413ec	1975-01-01T00:00:00	Royal Belgian Institute of Natural Sciences	ICZN	Antarctica, Bay Leopold III	Present	http://www.geonames.org/6255152	RBINS	Nymphon Fabricius, 1794	991ed0c4-84d2-4ef2-bd80-580a2ff93182															
3025711709	8138eb72-f762-11e1-a439-00145eb45e9a	e88c96a3-5884-4e51-a580-e417ca4c9eed	['17abcf75-2f1e-46dd-bf75-a5b21dd02655', '99d66b6c-9087-452f-a9d4-f15f2c2d0e7e']	712ce2e3-1409-45c1-9bd4-904991c8aa19	e88c96a3-5884-4e51-a580-e417ca4c9eed	BE	EML	2024-01-29T10:56:16.469+00:00	2024-01-29T14:49:57.634+00:00	274		{'http://rs.iobis.org/obis/terms/ExtendedMeasurementOrFact': [{'http://rs.tdwg.org/dwc/terms/measurementUnit': 'Number of individuals in container', 'http://rs.tdwg.org/dwc/terms/measurementValue': '1', 'http://rs.iobis.org/obis/terms/measurementTypeID': 'vocab.nerc.ac.uk/collection/P01/current/OCOUNT01', 'http://rs.tdwg.org/dwc/terms/occurrenceID': 'https://darwin.naturalsciences.be/uri/object/991ed0c4-84d2-4ef2-bd80-580a2ff93182', 'http://rs.tdwg.org/dwc/terms/measurementType': 'count'}, {'http://rs.tdwg.org/dwc/terms/measurementValue': 'unknown', 'http://rs.iobis.org/obis/terms/measurementTypeID': 'vocab.nerc.ac.uk/collection/P01/current/LSTAGE01', 'http://rs.iobis.org/obis/terms/measurementValueID': 'http://vocab.nerc.ac.uk/collection/S11/current/S1152', 'http://rs.tdwg.org/dwc/terms/occurrenceID': 'https://darwin.naturalsciences.be/uri/object/991ed0c4-84d2-4ef2-bd80-580a2ff93182', 'http://rs.tdwg.org/dwc/terms/measurementType': 'lifestage'}, {'http://rs.tdwg.org/dwc/terms/measurementValue': 'unknown', 'http://rs.iobis.org/obis/terms/measurementTypeID': 'vocab.nerc.ac.uk/collection/P01/current/ENTSEX01', 'http://rs.iobis.org/obis/terms/measurementValueID': 'http://vocab.nerc.ac.uk/collection/S10/current/S104', 'http://rs.tdwg.org/dwc/terms/occurrenceID': 'https://darwin.naturalsciences.be/uri/object/991ed0c4-84d2-4ef2-bd80-580a2ff93182', 'http://rs.tdwg.org/dwc/terms/measurementType': 'sex'}]}	PRESERVED_SPECIMEN	PRESENT	Unknown	2117651	1	54	354	9477065	2013	2117630	2117651	2117651	Nymphon multituberculatum Gordon, 1944	Nymphon multituberculatum Gordon, 1944	Animalia	Arthropoda	Pantopoda	Nymphonidae	Nymphon	Nymphon multituberculatum	Nymphon	multituberculatum	SPECIES	ACCEPTED	NE	-70.3	24.25	1000.0			ANTARCTICA	{}	1967.0	2.0	1.0	1967-02-01	32.0	32.0	['GEODETIC_DATUM_ASSUMED_WGS84', 'COUNTRY_DERIVED_FROM_COORDINATES', 'CONTINENT_DERIVED_FROM_COORDINATES', 'TAXON_MATCH_TAXON_ID_IGNORED', 'TYPE_STATUS_INVALID', 'INSTITUTION_MATCH_NONE']	2024-01-29T14:49:57.634+00:00	http://creativecommons.org/licenses/by-nc/4.0/legalcode	1.0	SpecimensInContainer	False	[{'identifier': 'https://darwin.naturalsciences.be/uri/object/991ed0c4-84d2-4ef2-bd80-580a2ff93182'}]	[]	[]	[]		True	Krapp F	container type: vial; preservation method: alcohol		WGS84	Pycnogonida	AQ	[]	[]	ANTARCTICA	Antarctica	EUROPE		https://darwin.naturalsciences.be/uri/object/991ed0c4-84d2-4ef2-bd80-580a2ff93182	urn:lsid:marinespecies.org:taxname:173462	https://www.wikidata.org/wiki/Q222297			23694/St.235	en	3025711709	https://darwin.naturalsciences.be/uri/object/991ed0c4-84d2-4ef2-bd80-580a2ff93182	PhysicalObject	INV.69197	RBINS-Scientific Heritage	be_rbins_darwin						https://www.gbif.org/species/2117651		2020-10-27T07:50:03.607+00:00			Antarctica	urn:catalog:RBINS:Pycnogonida	http://collections.naturalsciences.be/113	1975-01-01T00:00:00	Royal Belgian Institute of Natural Sciences	ICZN	Antarctica, Bay Leopold III	Present	http://www.geonames.org/6255152	RBINS	Nymphon Fabricius, 1794		Royal Belgian Institute of Natural Sciences Collection	urn:catalog:RBINS:IG:23694													
3025614022	8138eb72-f762-11e1-a439-00145eb45e9a	e88c96a3-5884-4e51-a580-e417ca4c9eed	['17abcf75-2f1e-46dd-bf75-a5b21dd02655', '99d66b6c-9087-452f-a9d4-f15f2c2d0e7e']	712ce2e3-1409-45c1-9bd4-904991c8aa19	e88c96a3-5884-4e51-a580-e417ca4c9eed	BE	EML	2024-01-29T10:56:16.469+00:00	2024-01-29T14:49:25.384+00:00	274		{'http://rs.iobis.org/obis/terms/ExtendedMeasurementOrFact': [{'http://rs.tdwg.org/dwc/terms/measurementUnit': 'Number of individuals in container', 'http://rs.tdwg.org/dwc/terms/measurementValue': '3', 'http://rs.iobis.org/obis/terms/measurementTypeID': 'vocab.nerc.ac.uk/collection/P01/current/OCOUNT01', 'http://rs.tdwg.org/dwc/terms/occurrenceID': 'https://darwin.naturalsciences.be/uri/object/48df495b-f594-4322-a40a-60ecf4379968', 'http://rs.tdwg.org/dwc/terms/measurementType': 'count'}, {'http://rs.tdwg.org/dwc/terms/measurementValue': 'unknown', 'http://rs.iobis.org/obis/terms/measurementTypeID': 'vocab.nerc.ac.uk/collection/P01/current/LSTAGE01', 'http://rs.iobis.org/obis/terms/measurementValueID': 'http://vocab.nerc.ac.uk/collection/S11/current/S1152', 'http://rs.tdwg.org/dwc/terms/occurrenceID': 'https://darwin.naturalsciences.be/uri/object/48df495b-f594-4322-a40a-60ecf4379968', 'http://rs.tdwg.org/dwc/terms/measurementType': 'lifestage'}, {'http://rs.tdwg.org/dwc/terms/measurementUnit': 'm', 'http://rs.tdwg.org/dwc/terms/measurementValue': '245', 'http://rs.iobis.org/obis/terms/measurementTypeID': 'https://www.wikidata.org/wiki/Q2633778', 'http://rs.tdwg.org/dwc/terms/occurrenceID': 'https://darwin.naturalsciences.be/uri/object/48df495b-f594-4322-a40a-60ecf4379968', 'http://rs.iobis.org/obis/terms/measurementUnitID': 'http://vocab.nerc.ac.uk/collection/P06/current/ULAA/', 'http://rs.tdwg.org/dwc/terms/measurementType': 'sampling_elevation'}, {'http://rs.tdwg.org/dwc/terms/measurementValue': 'unknown', 'http://rs.iobis.org/obis/terms/measurementTypeID': 'vocab.nerc.ac.uk/collection/P01/current/ENTSEX01', 'http://rs.iobis.org/obis/terms/measurementValueID': 'http://vocab.nerc.ac.uk/collection/S10/current/S104', 'http://rs.tdwg.org/dwc/terms/occurrenceID': 'https://darwin.naturalsciences.be/uri/object/48df495b-f594-4322-a40a-60ecf4379968', 'http://rs.tdwg.org/dwc/terms/measurementType': 'sex'}]}	PRESERVED_SPECIMEN	PRESENT	Unknown	2117651	1	54	354	9477065	2013	2117630	2117651	2117651	Nymphon multituberculatum Gordon, 1944	Nymphon multituberculatum Gordon, 1944	Animalia	Arthropoda	Pantopoda	Nymphonidae	Nymphon	Nymphon multituberculatum	Nymphon	multituberculatum	SPECIES	ACCEPTED	NE	-70.334861	24.217778	108.44			ANTARCTICA	{}	1961.0	1.0	24.0	1961-01-24	24.0	24.0	['GEODETIC_DATUM_ASSUMED_WGS84', 'COUNTRY_DERIVED_FROM_COORDINATES', 'CONTINENT_DERIVED_FROM_COORDINATES', 'TAXON_MATCH_TAXON_ID_IGNORED', 'TYPE_STATUS_INVALID', 'INSTITUTION_MATCH_NONE']	2024-01-29T14:49:25.384+00:00	http://creativecommons.org/licenses/by-nc/4.0/legalcode	3.0	SpecimensInContainer	False	[{'identifier': 'https://darwin.naturalsciences.be/uri/object/48df495b-f594-4322-a40a-60ecf4379968'}]	[]	[]	[]		True	Stock Jan Hendrik	container type: vial; preservation method: alcohol		WGS84	Pycnogonida	AQ	[]	[]	ANTARCTICA	Antarctica	EUROPE		https://darwin.naturalsciences.be/uri/object/48df495b-f594-4322-a40a-60ecf4379968	urn:lsid:marinespecies.org:taxname:173462	https://www.wikidata.org/wiki/Q222297			22311/St.155	en	3025614022	https://darwin.naturalsciences.be/uri/object/48df495b-f594-4322-a40a-60ecf4379968	PhysicalObject	INV.69196	RBINS-Scientific Heritage	be_rbins_darwin						https://www.gbif.org/species/2117651		2020-10-20T11:20:36.415+00:00			Antarctica	urn:catalog:RBINS:Pycnogonida	http://collections.naturalsciences.be/113	1963-01-01T00:00:00	Royal Belgian Institute of Natural Sciences	ICZN	Antarctica, Bay Leopold III	Present	http://www.geonames.org/6255152	RBINS	Nymphon Fabricius, 1794		Royal Belgian Institute of Natural Sciences Collection	urn:catalog:RBINS:IG:22311													
3024487653	e3992de2-60bf-4cdf-9bc5-3e4525d017d6	e88c96a3-5884-4e51-a580-e417ca4c9eed	['17abcf75-2f1e-46dd-bf75-a5b21dd02655']	712ce2e3-1409-45c1-9bd4-904991c8aa19	e88c96a3-5884-4e51-a580-e417ca4c9eed	BE	EML	2024-07-17T09:07:44.666+00:00	2024-07-17T09:08:08.329+00:00	174		{'http://rs.iobis.org/obis/terms/ExtendedMeasurementOrFact': [{'http://rs.tdwg.org/dwc/terms/measurementUnit': 'Number of individuals in container', 'http://rs.tdwg.org/dwc/terms/measurementValue': '3', 'http://rs.iobis.org/obis/terms/measurementTypeID': 'vocab.nerc.ac.uk/collection/P01/current/OCOUNT01', 'http://rs.tdwg.org/dwc/terms/occurrenceID': 'https://darwin.naturalsciences.be/uri/object/48df495b-f594-4322-a40a-60ecf4379968', 'http://rs.tdwg.org/dwc/terms/measurementType': 'count'}, {'http://rs.tdwg.org/dwc/terms/measurementValue': 'unknown', 'http://rs.iobis.org/obis/terms/measurementTypeID': 'vocab.nerc.ac.uk/collection/P01/current/LSTAGE01', 'http://rs.iobis.org/obis/terms/measurementValueID': 'http://vocab.nerc.ac.uk/collection/S11/current/S1152', 'http://rs.tdwg.org/dwc/terms/occurrenceID': 'https://darwin.naturalsciences.be/uri/object/48df495b-f594-4322-a40a-60ecf4379968', 'http://rs.tdwg.org/dwc/terms/measurementType': 'lifestage'}, {'http://rs.tdwg.org/dwc/terms/measurementUnit': 'm', 'http://rs.tdwg.org/dwc/terms/measurementValue': '245', 'http://rs.iobis.org/obis/terms/measurementTypeID': 'https://www.wikidata.org/wiki/Q2633778', 'http://rs.tdwg.org/dwc/terms/occurrenceID': 'https://darwin.naturalsciences.be/uri/object/48df495b-f594-4322-a40a-60ecf4379968', 'http://rs.iobis.org/obis/terms/measurementUnitID': 'http://vocab.nerc.ac.uk/collection/P06/current/ULAA/', 'http://rs.tdwg.org/dwc/terms/measurementType': 'sampling_elevation'}, {'http://rs.tdwg.org/dwc/terms/measurementValue': 'unknown', 'http://rs.iobis.org/obis/terms/measurementTypeID': 'vocab.nerc.ac.uk/collection/P01/current/ENTSEX01', 'http://rs.iobis.org/obis/terms/measurementValueID': 'http://vocab.nerc.ac.uk/collection/S10/current/S104', 'http://rs.tdwg.org/dwc/terms/occurrenceID': 'https://darwin.naturalsciences.be/uri/object/48df495b-f594-4322-a40a-60ecf4379968', 'http://rs.tdwg.org/dwc/terms/measurementType': 'sex'}]}	PRESERVED_SPECIMEN	PRESENT	Unknown	2117651	1	54	354	9477065	2013	2117630	2117651	2117651	Nymphon multituberculatum Gordon, 1944	Nymphon multituberculatum Gordon, 1944	Animalia	Arthropoda	Pantopoda	Nymphonidae	Nymphon	Nymphon multituberculatum	Nymphon	multituberculatum	SPECIES	ACCEPTED	NE	-70.334861	24.217778	108.44			ANTARCTICA	{}	1961.0	1.0	24.0	1961-01-24	24.0	24.0	['GEODETIC_DATUM_ASSUMED_WGS84', 'COUNTRY_DERIVED_FROM_COORDINATES', 'CONTINENT_DERIVED_FROM_COORDINATES']	2024-07-17T09:08:08.329+00:00	http://creativecommons.org/licenses/by-nc/4.0/legalcode	3.0	SpecimensInContainer	False	[{'identifier': 'https://darwin.naturalsciences.be/uri/object/48df495b-f594-4322-a40a-60ecf4379968'}]	[]	[]	[]	c2bfdeef-9c03-435e-8465-c483dadd6995	True	Stock Jan Hendrik	container type: vial; preservation method: alcohol		WGS84	Pycnogonida	AQ	[]	[]	ANTARCTICA	Antarctica	EUROPE		https://darwin.naturalsciences.be/uri/object/48df495b-f594-4322-a40a-60ecf4379968	urn:lsid:marinespecies.org:taxname:173462	https://ror.org/02y22ws83			22311/St.155		3024487653	https://darwin.naturalsciences.be/uri/object/48df495b-f594-4322-a40a-60ecf4379968		INV.69196	RBINS	be_rbins_invertebrates_cheliceratamarine	urn:catalog:RBINS:IG:22311							2020-10-20T11:20:36.415+00:00	f68566db-1ecc-4dd1-9743-fa7035a413ec		Antarctica	INV-OTH	f68566db-1ecc-4dd1-9743-fa7035a413ec	1963-01-01T00:00:00	Royal Belgian Institute of Natural Sciences	ICZN	Antarctica, Bay Leopold III	Present	http://www.geonames.org/6255152	RBINS	Nymphon Fabricius, 1794	48df495b-f594-4322-a40a-60ecf4379968															
1057051654	7e380070-f762-11e1-a439-00145eb45e9a	19456090-b49a-11d8-abeb-b8a03c50a862	['17abcf75-2f1e-46dd-bf75-a5b21dd02655', '99d66b6c-9087-452f-a9d4-f15f2c2d0e7e']	60277b56-f762-11e1-a439-00145eb45e9a	19456090-b49a-11d8-abeb-b8a03c50a862	GB	DWC_ARCHIVE	2024-07-23T03:26:56.939+00:00	2024-07-23T06:17:58.613+00:00	391		{'http://rs.gbif.org/terms/1.0/Multimedia': [{'http://purl.org/dc/terms/type': 'StillImage', 'http://purl.org/dc/terms/title': 'Zoology Accessions Register: Crustacea: 1969 - 1976: page 206', 'http://purl.org/dc/terms/created': '1187781852000', 'http://purl.org/dc/terms/license': 'http://creativecommons.org/licenses/by/4.0/', 'http://purl.org/dc/terms/rightsHolder': 'The Trustees of the Natural History Museum, London', 'http://purl.org/dc/terms/identifier': 'https://data.nhm.ac.uk/media/22834cfd-6b40-4aeb-a05d-99d37f36a3c2'}]}	PRESERVED_SPECIMEN	PRESENT	Juvenile	2117651	1	54	354	9477065	2013	2117630	2117651	2117651	Nymphon multituberculatum Gordon, 1944	Nymphon multituberculatum Gordon, 1944	Animalia	Arthropoda	Pantopoda	Nymphonidae	Nymphon	Nymphon multituberculatum	Nymphon	multituberculatum	SPECIES	ACCEPTED	NE	-66.75	62.05		219.0			{}	1931.0	2.0	16.0	1931-02-16	47.0	47.0	['GEODETIC_DATUM_ASSUMED_WGS84', 'COUNTRY_DERIVED_FROM_COORDINATES', 'MODIFIED_DATE_INVALID', 'MULTIMEDIA_DATE_INVALID', 'INSTITUTION_MATCH_FUZZY', 'INSTITUTION_COLLECTION_MISMATCH']	2024-07-23T06:17:58.613+00:00	http://creativecommons.org/publicdomain/zero/1.0/legalcode			False	[{'identifier': '2251796'}]	[{'type': 'StillImage', 'title': 'Zoology Accessions Register: Crustacea: 1969 - 1976: page 206', 'license': 'http://creativecommons.org/licenses/by/4.0/', 'rightsHolder': 'The Trustees of the Natural History Museum, London', 'identifier': 'https://data.nhm.ac.uk/media/22834cfd-6b40-4aeb-a05d-99d37f36a3c2'}]	[]	[]	1d808a7c-1f9e-4379-9616-edb749ecf10e	True	Isabella Gordon			WGS84	Pycnogonida	AQ	[]	[]	ANTARCTICA	Antarctica	EUROPE		2251796					41		1057051654	8bb7e214-d2fa-44f5-8c19-2a8bbb7973b6		1975.291	NHMUK								8.0					ZOO												NHMUK:ecatalogue:2251796	PARATYPE	"{""associatedMediaCount"": 1, ""barcode"": ""011006118"", ""catalogueDescription"": null, ""chondriteAchondrite"": null, ""chronostratigraphy"": null, ""clutchSize"": null, ""collectionKind"": null, ""collectionName"": null, ""commodity"": null, ""created"": 1313161752000, ""currentScientificName"": null, ""dateRegistered"": null, ""depositType"": null, ""determinationFiledAs"": null, ""determinationNames"": ""Nymphon multituberculatum Gordon, 1944"", ""determinationTypes"": null, ""donorName"": null, ""expedition"": ""BANZ Antarctic Research Expedition"", ""exsiccata"": null, ""exsiccataNumber"": null, ""extractionMethod"": null, ""gbifID"": ""1057051654"", ""gbifIssue"": [""GEODETIC_DATUM_ASSUMED_WGS84"", ""COUNTRY_DERIVED_FROM_COORDINATES""], ""identificationAsRegistered"": null, ""identificationDescription"": null, ""identificationOther"": null, ""identificationVariety"": null, ""kindOfCollection"": null, ""kindOfObject"": null, ""lithostratigraphy"": null, ""meteoriteClass"": null, ""meteoriteGroup"": null, ""meteoriteType"": null, ""mine"": null, ""mineralComplex"": null, ""observedWeight"": null, ""occurrence"": null, ""partType"": null, ""petrologySubtype"": null, ""petrologyType"": null, ""plantDescription"": null, ""populationCode"": null, ""preparationType"": null, ""preservative"": null, ""project"": null, ""recovery"": null, ""recoveryDate"": null, ""recoveryWeight"": null, ""registeredWeightUnit"": null, ""registrationCode"": ""CR05"", ""resuspendedIn"": null, ""setMark"": null, ""subDepartment"": ""LS Chelicerata and Myriapoda"", ""subfamily"": null, ""suborder"": null, ""superfamily"": null, ""texture"": null, ""totalVolume"": null, ""vessel"": null}"	Animalia; Arthropoda; Chelicerata; Pycnogonida; Pantopoda; Nymphonidae										
1057157867	7e380070-f762-11e1-a439-00145eb45e9a	19456090-b49a-11d8-abeb-b8a03c50a862	['17abcf75-2f1e-46dd-bf75-a5b21dd02655', '99d66b6c-9087-452f-a9d4-f15f2c2d0e7e']	60277b56-f762-11e1-a439-00145eb45e9a	19456090-b49a-11d8-abeb-b8a03c50a862	GB	DWC_ARCHIVE	2024-07-23T03:26:56.939+00:00	2024-07-23T06:17:58.430+00:00	391		{'http://rs.gbif.org/terms/1.0/Multimedia': [{'http://purl.org/dc/terms/type': 'StillImage', 'http://purl.org/dc/terms/title': 'Zoology Accessions Register: Crustacea: 1969 - 1976: page 206', 'http://purl.org/dc/terms/created': '1187781852000', 'http://purl.org/dc/terms/license': 'http://creativecommons.org/licenses/by/4.0/', 'http://purl.org/dc/terms/rightsHolder': 'The Trustees of the Natural History Museum, London', 'http://purl.org/dc/terms/identifier': 'https://data.nhm.ac.uk/media/22834cfd-6b40-4aeb-a05d-99d37f36a3c2'}]}	PRESERVED_SPECIMEN	PRESENT		2117651	1	54	354	9477065	2013	2117630	2117651	2117651	Nymphon multituberculatum Gordon, 1944	Nymphon multituberculatum Gordon, 1944	Animalia	Arthropoda	Pantopoda	Nymphonidae	Nymphon	Nymphon multituberculatum	Nymphon	multituberculatum	SPECIES	ACCEPTED	NE	-65.8	53.266667		194.5	14.5		{}	1930.0	1.0	24.0	1930-01-24	24.0	24.0	['COORDINATE_ROUNDED', 'GEODETIC_DATUM_ASSUMED_WGS84', 'COUNTRY_DERIVED_FROM_COORDINATES', 'MODIFIED_DATE_INVALID', 'MULTIMEDIA_DATE_INVALID', 'INSTITUTION_MATCH_FUZZY', 'INSTITUTION_COLLECTION_MISMATCH']	2024-07-23T06:17:58.430+00:00	http://creativecommons.org/publicdomain/zero/1.0/legalcode			False	[{'identifier': '2251795'}]	[{'type': 'StillImage', 'title': 'Zoology Accessions Register: Crustacea: 1969 - 1976: page 206', 'license': 'http://creativecommons.org/licenses/by/4.0/', 'rightsHolder': 'The Trustees of the Natural History Museum, London', 'identifier': 'https://data.nhm.ac.uk/media/22834cfd-6b40-4aeb-a05d-99d37f36a3c2'}]	[]	[]	1d808a7c-1f9e-4379-9616-edb749ecf10e	True	Isabella Gordon			WGS84	Pycnogonida	AQ	[]	[]	ANTARCTICA	Antarctica	EUROPE		2251795					41		1057157867	3eb7f1ba-6297-4e86-bef9-999b6815e38d		1975.290	NHMUK								2.0					ZOO												NHMUK:ecatalogue:2251795	PARATYPE	"{""associatedMediaCount"": 1, ""barcode"": ""011063199"", ""catalogueDescription"": null, ""chondriteAchondrite"": null, ""chronostratigraphy"": null, ""clutchSize"": null, ""collectionKind"": null, ""collectionName"": null, ""commodity"": null, ""created"": 1313161744000, ""currentScientificName"": null, ""dateRegistered"": null, ""depositType"": null, ""determinationFiledAs"": null, ""determinationNames"": ""Nymphon multituberculatum Gordon, 1944"", ""determinationTypes"": null, ""donorName"": null, ""expedition"": ""BANZ Antarctic Research Expedition"", ""exsiccata"": null, ""exsiccataNumber"": null, ""extractionMethod"": null, ""gbifID"": ""1057157867"", ""gbifIssue"": [""COORDINATE_ROUNDED"", ""GEODETIC_DATUM_ASSUMED_WGS84"", ""COUNTRY_DERIVED_FROM_COORDINATES""], ""identificationAsRegistered"": null, ""identificationDescription"": null, ""identificationOther"": null, ""identificationVariety"": null, ""kindOfCollection"": null, ""kindOfObject"": null, ""lithostratigraphy"": null, ""meteoriteClass"": null, ""meteoriteGroup"": null, ""meteoriteType"": null, ""mine"": null, ""mineralComplex"": null, ""observedWeight"": null, ""occurrence"": null, ""partType"": null, ""petrologySubtype"": null, ""petrologyType"": null, ""plantDescription"": null, ""populationCode"": null, ""preparationType"": null, ""preservative"": null, ""project"": null, ""recovery"": null, ""recoveryDate"": null, ""recoveryWeight"": null, ""registeredWeightUnit"": null, ""registrationCode"": ""CR05"", ""resuspendedIn"": null, ""setMark"": null, ""subDepartment"": ""LS Chelicerata and Myriapoda"", ""subfamily"": null, ""suborder"": null, ""superfamily"": null, ""texture"": null, ""totalVolume"": null, ""vessel"": null}"	Animalia; Arthropoda; Chelicerata; Pycnogonida; Pantopoda; Nymphonidae										
1057190931	7e380070-f762-11e1-a439-00145eb45e9a	19456090-b49a-11d8-abeb-b8a03c50a862	['17abcf75-2f1e-46dd-bf75-a5b21dd02655', '99d66b6c-9087-452f-a9d4-f15f2c2d0e7e']	60277b56-f762-11e1-a439-00145eb45e9a	19456090-b49a-11d8-abeb-b8a03c50a862	GB	DWC_ARCHIVE	2024-07-23T03:26:56.939+00:00	2024-07-23T06:17:59.866+00:00	391		{'http://rs.gbif.org/terms/1.0/Multimedia': [{'http://purl.org/dc/terms/type': 'StillImage', 'http://purl.org/dc/terms/title': 'Zoology Accessions Register: Crustacea: 1969 - 1976: page 206', 'http://purl.org/dc/terms/created': '1187781852000', 'http://purl.org/dc/terms/license': 'http://creativecommons.org/licenses/by/4.0/', 'http://purl.org/dc/terms/rightsHolder': 'The Trustees of the Natural History Museum, London', 'http://purl.org/dc/terms/identifier': 'https://data.nhm.ac.uk/media/22834cfd-6b40-4aeb-a05d-99d37f36a3c2'}]}	PRESERVED_SPECIMEN	PRESENT		2117651	1	54	354	9477065	2013	2117630	2117651	2117651	Nymphon multituberculatum Gordon, 1944	Nymphon multituberculatum Gordon, 1944	Animalia	Arthropoda	Pantopoda	Nymphonidae	Nymphon	Nymphon multituberculatum	Nymphon	multituberculatum	SPECIES	ACCEPTED	NE	-66.8	71.7		540.0			{}	1929.0	12.0	27.0	1929-12-27	361.0	361.0	['GEODETIC_DATUM_ASSUMED_WGS84', 'COUNTRY_DERIVED_FROM_COORDINATES', 'MODIFIED_DATE_INVALID', 'MULTIMEDIA_DATE_INVALID', 'INSTITUTION_MATCH_FUZZY', 'INSTITUTION_COLLECTION_MISMATCH']	2024-07-23T06:17:59.866+00:00	http://creativecommons.org/publicdomain/zero/1.0/legalcode			False	[{'identifier': '2251794'}]	[{'type': 'StillImage', 'title': 'Zoology Accessions Register: Crustacea: 1969 - 1976: page 206', 'license': 'http://creativecommons.org/licenses/by/4.0/', 'rightsHolder': 'The Trustees of the Natural History Museum, London', 'identifier': 'https://data.nhm.ac.uk/media/22834cfd-6b40-4aeb-a05d-99d37f36a3c2'}]	[]	[]	1d808a7c-1f9e-4379-9616-edb749ecf10e	True	Isabella Gordon			WGS84	Pycnogonida	AQ	[]	[]	ANTARCTICA	Antarctica	EUROPE		2251794					30		1057190931	0431dc73-5f97-4fef-98ac-5c99b7084a28		1975.289	NHMUK								1.0					ZOO												NHMUK:ecatalogue:2251794	PARATYPE	"{""associatedMediaCount"": 1, ""barcode"": ""011057404"", ""catalogueDescription"": null, ""chondriteAchondrite"": null, ""chronostratigraphy"": null, ""clutchSize"": null, ""collectionKind"": null, ""collectionName"": null, ""commodity"": null, ""created"": 1313161737000, ""currentScientificName"": null, ""dateRegistered"": null, ""depositType"": null, ""determinationFiledAs"": null, ""determinationNames"": ""Nymphon multituberculatum Gordon, 1944"", ""determinationTypes"": null, ""donorName"": null, ""expedition"": ""BANZ Antarctic Research Expedition"", ""exsiccata"": null, ""exsiccataNumber"": null, ""extractionMethod"": null, ""gbifID"": ""1057190931"", ""gbifIssue"": [""GEODETIC_DATUM_ASSUMED_WGS84"", ""COUNTRY_DERIVED_FROM_COORDINATES""], ""identificationAsRegistered"": null, ""identificationDescription"": null, ""identificationOther"": null, ""identificationVariety"": null, ""kindOfCollection"": null, ""kindOfObject"": null, ""lithostratigraphy"": null, ""meteoriteClass"": null, ""meteoriteGroup"": null, ""meteoriteType"": null, ""mine"": null, ""mineralComplex"": null, ""observedWeight"": null, ""occurrence"": null, ""partType"": null, ""petrologySubtype"": null, ""petrologyType"": null, ""plantDescription"": null, ""populationCode"": null, ""preparationType"": null, ""preservative"": null, ""project"": null, ""recovery"": null, ""recoveryDate"": null, ""recoveryWeight"": null, ""registeredWeightUnit"": null, ""registrationCode"": ""CR05"", ""resuspendedIn"": null, ""setMark"": null, ""subDepartment"": ""LS Chelicerata and Myriapoda"", ""subfamily"": null, ""suborder"": null, ""superfamily"": null, ""texture"": null, ""totalVolume"": null, ""vessel"": null}"	Animalia; Arthropoda; Chelicerata; Pycnogonida; Pantopoda; Nymphonidae	FEMALE									
1056347420	7e380070-f762-11e1-a439-00145eb45e9a	19456090-b49a-11d8-abeb-b8a03c50a862	['17abcf75-2f1e-46dd-bf75-a5b21dd02655', '99d66b6c-9087-452f-a9d4-f15f2c2d0e7e']	60277b56-f762-11e1-a439-00145eb45e9a	19456090-b49a-11d8-abeb-b8a03c50a862	GB	DWC_ARCHIVE	2024-07-23T03:26:56.939+00:00	2024-07-23T06:19:00.424+00:00	391		{'http://rs.gbif.org/terms/1.0/Multimedia': [{'http://purl.org/dc/terms/type': 'StillImage', 'http://purl.org/dc/terms/title': 'Zoology Accessions Register: Crustacea: 1935 - 1962: page 59', 'http://purl.org/dc/terms/created': '1187779001000', 'http://purl.org/dc/terms/license': 'http://creativecommons.org/licenses/by/4.0/', 'http://purl.org/dc/terms/rightsHolder': 'The Trustees of the Natural History Museum, London', 'http://purl.org/dc/terms/identifier': 'https://data.nhm.ac.uk/media/cfbad4ba-ac6e-49ba-bdcf-ef6c81c7fccf'}]}	PRESERVED_SPECIMEN	PRESENT		2117651	1	54	354	9477065	2013	2117630	2117651	2117651	Nymphon multituberculatum Gordon, 1944	Nymphon multituberculatum Gordon, 1944	Animalia	Arthropoda	Pantopoda	Nymphonidae	Nymphon	Nymphon multituberculatum	Nymphon	multituberculatum	SPECIES	ACCEPTED	NE							{}							['MODIFIED_DATE_INVALID', 'MULTIMEDIA_DATE_INVALID', 'INSTITUTION_MATCH_FUZZY', 'INSTITUTION_COLLECTION_MISMATCH']	2024-07-23T06:19:00.424+00:00	http://creativecommons.org/publicdomain/zero/1.0/legalcode			False	[{'identifier': '1228457'}]	[{'type': 'StillImage', 'title': 'Zoology Accessions Register: Crustacea: 1935 - 1962: page 59', 'license': 'http://creativecommons.org/licenses/by/4.0/', 'rightsHolder': 'The Trustees of the Natural History Museum, London', 'identifier': 'https://data.nhm.ac.uk/media/cfbad4ba-ac6e-49ba-bdcf-ef6c81c7fccf'}]	[]	[]	1d808a7c-1f9e-4379-9616-edb749ecf10e	True					Pycnogonida		[]	[]			EUROPE		1228457					39		1056347420	045d061c-b177-4bc9-8932-cefb232a2862		1942.12.30.47	NHMUK													ZOO												NHMUK:ecatalogue:1228457	HOLOTYPE	"{""associatedMediaCount"": 1, ""barcode"": ""NHMUK014491524"", ""catalogueDescription"": null, ""chondriteAchondrite"": null, ""chronostratigraphy"": null, ""clutchSize"": null, ""collectionKind"": null, ""collectionName"": null, ""commodity"": null, ""created"": 1295886681000, ""currentScientificName"": null, ""dateRegistered"": null, ""depositType"": null, ""determinationFiledAs"": null, ""determinationNames"": ""Nymphon multituberculatum Gordon, 1944"", ""determinationTypes"": null, ""donorName"": ""Douglas Mawson"", ""expedition"": ""B.A.N.Z.A.R. Expedition"", ""exsiccata"": null, ""exsiccataNumber"": null, ""extractionMethod"": null, ""gbifID"": ""1056347420"", ""gbifIssue"": null, ""identificationAsRegistered"": null, ""identificationDescription"": null, ""identificationOther"": null, ""identificationVariety"": null, ""kindOfCollection"": null, ""kindOfObject"": null, ""lithostratigraphy"": null, ""meteoriteClass"": null, ""meteoriteGroup"": null, ""meteoriteType"": null, ""mine"": null, ""mineralComplex"": null, ""observedWeight"": null, ""occurrence"": null, ""partType"": null, ""petrologySubtype"": null, ""petrologyType"": null, ""plantDescription"": null, ""populationCode"": null, ""preparationType"": null, ""preservative"": null, ""project"": null, ""recovery"": null, ""recoveryDate"": null, ""recoveryWeight"": null, ""registeredWeightUnit"": null, ""registrationCode"": ""CR03"", ""resuspendedIn"": null, ""setMark"": null, ""subDepartment"": ""LS Chelicerata and Myriapoda"", ""subfamily"": null, ""suborder"": null, ""superfamily"": null, ""texture"": null, ""totalVolume"": null, ""vessel"": null}"	Animalia; Arthropoda; Chelicerata; Pycnogonida; Pantopoda; Nymphonidae										
1057167346	7e380070-f762-11e1-a439-00145eb45e9a	19456090-b49a-11d8-abeb-b8a03c50a862	['17abcf75-2f1e-46dd-bf75-a5b21dd02655', '99d66b6c-9087-452f-a9d4-f15f2c2d0e7e']	60277b56-f762-11e1-a439-00145eb45e9a	19456090-b49a-11d8-abeb-b8a03c50a862	GB	DWC_ARCHIVE	2024-07-23T03:26:56.939+00:00	2024-07-23T06:19:03.483+00:00	391		{'http://rs.gbif.org/terms/1.0/Multimedia': [{'http://purl.org/dc/terms/type': 'StillImage', 'http://purl.org/dc/terms/title': 'Zoology Accessions Register: Crustacea: 1935 - 1962: page 59', 'http://purl.org/dc/terms/created': '1187779001000', 'http://purl.org/dc/terms/license': 'http://creativecommons.org/licenses/by/4.0/', 'http://purl.org/dc/terms/rightsHolder': 'The Trustees of the Natural History Museum, London', 'http://purl.org/dc/terms/identifier': 'https://data.nhm.ac.uk/media/cfbad4ba-ac6e-49ba-bdcf-ef6c81c7fccf'}]}	PRESERVED_SPECIMEN	PRESENT		2117651	1	54	354	9477065	2013	2117630	2117651	2117651	Nymphon multituberculatum Gordon, 1944	Nymphon multituberculatum Gordon, 1944	Animalia	Arthropoda	Pantopoda	Nymphonidae	Nymphon	Nymphon multituberculatum	Nymphon	multituberculatum	SPECIES	ACCEPTED	NE							{}							['MODIFIED_DATE_INVALID', 'MULTIMEDIA_DATE_INVALID', 'INSTITUTION_MATCH_FUZZY', 'INSTITUTION_COLLECTION_MISMATCH']	2024-07-23T06:19:03.483+00:00	http://creativecommons.org/publicdomain/zero/1.0/legalcode			False	[{'identifier': '1228459'}]	[{'type': 'StillImage', 'title': 'Zoology Accessions Register: Crustacea: 1935 - 1962: page 59', 'license': 'http://creativecommons.org/licenses/by/4.0/', 'rightsHolder': 'The Trustees of the Natural History Museum, London', 'identifier': 'https://data.nhm.ac.uk/media/cfbad4ba-ac6e-49ba-bdcf-ef6c81c7fccf'}]	[]	[]	1d808a7c-1f9e-4379-9616-edb749ecf10e	True					Pycnogonida		[]	[]			EUROPE		1228459					98, 90		1057167346	15e6748e-b177-44e5-b53f-a9cf59fceb0a		1942.12.30.48-52	NHMUK													ZOO												NHMUK:ecatalogue:1228459	PARATYPE	"{""associatedMediaCount"": 1, ""barcode"": ""NHMUK014491525"", ""catalogueDescription"": null, ""chondriteAchondrite"": null, ""chronostratigraphy"": null, ""clutchSize"": null, ""collectionKind"": null, ""collectionName"": null, ""commodity"": null, ""created"": 1295886683000, ""currentScientificName"": null, ""dateRegistered"": null, ""depositType"": null, ""determinationFiledAs"": null, ""determinationNames"": ""Nymphon multituberculatum Gordon, 1944"", ""determinationTypes"": null, ""donorName"": ""Douglas Mawson"", ""expedition"": ""B.A.N.Z.A.R. Expedition"", ""exsiccata"": null, ""exsiccataNumber"": null, ""extractionMethod"": null, ""gbifID"": ""1057167346"", ""gbifIssue"": null, ""identificationAsRegistered"": null, ""identificationDescription"": null, ""identificationOther"": null, ""identificationVariety"": null, ""kindOfCollection"": null, ""kindOfObject"": null, ""lithostratigraphy"": null, ""meteoriteClass"": null, ""meteoriteGroup"": null, ""meteoriteType"": null, ""mine"": null, ""mineralComplex"": null, ""observedWeight"": null, ""occurrence"": null, ""partType"": null, ""petrologySubtype"": null, ""petrologyType"": null, ""plantDescription"": null, ""populationCode"": null, ""preparationType"": null, ""preservative"": null, ""project"": null, ""recovery"": null, ""recoveryDate"": null, ""recoveryWeight"": null, ""registeredWeightUnit"": null, ""registrationCode"": ""CR03"", ""resuspendedIn"": null, ""setMark"": null, ""subDepartment"": ""LS Chelicerata and Myriapoda"", ""subfamily"": null, ""suborder"": null, ""superfamily"": null, ""texture"": null, ""totalVolume"": null, ""vessel"": null}"	Animalia; Arthropoda; Chelicerata; Pycnogonida; Pantopoda; Nymphonidae										
3935005818	91aa3d5b-6f77-4135-a823-cef438a60dfa	1928bdf0-f5d2-11dc-8c12-b8a03c50a862		e44d0fd7-0edf-477f-aa82-50a81836ab46	1928bdf0-f5d2-11dc-8c12-b8a03c50a862	FR	DWC_ARCHIVE	2024-01-19T17:11:53.743+00:00	2024-01-26T10:11:37.796+00:00	10		{}	HUMAN_OBSERVATION	PRESENT		2117651	1	54	354	9477065	2013	2117630	2117651	2117651	Nymphon multituberculatum Gordon, 1944	Nymphon multituberculatum Gordon, 1944	Animalia	Arthropoda	Pantopoda	Nymphonidae	Nymphon	Nymphon multituberculatum	Nymphon	multituberculatum	SPECIES	ACCEPTED	NE	-71.7127	122.67314	774607.0			ANTARCTICA	{'level0': {'gid': 'ATA', 'name': 'Antarctica'}}							['COUNTRY_COORDINATE_MISMATCH', 'COUNTRY_MISMATCH', 'CONTINENT_DERIVED_FROM_COORDINATES', 'TAXON_MATCH_TAXON_ID_IGNORED']	2024-01-26T10:11:37.796+00:00	http://creativecommons.org/licenses/by/4.0/legalcode			False	[{'identifier': '856d7e36-1adf-4ada-98aa-3f1cec12e885'}]	[]	[]	[]		False				WGS84	Pycnogonida	TF	[]	[]	ANTARCTICA	French Southern Territories	EUROPE	856d7e36-1adf-4ada-98aa-3f1cec12e885	856d7e36-1adf-4ada-98aa-3f1cec12e885							3935005818	856d7e36-1adf-4ada-98aa-3f1cec12e885				D2B0CE86-7C29-1275-E053-5514A8C0FBF9						821689																							Nymphon multituberculatum Gordon, 1944	TAAF : Terre-Ad√©lie	TaxREF	Probable	Pantopoda	Gargominy O (2021). TAXREF. Version 4.7. UMS PatriNat (OFB-CNRS-MNHN), Paris. Checklist dataset https://doi.org/10.15468/vqueam accessed via GBIF.org on 2021-06-28.			
4547693847	f553f8f9-b147-4f09-86e5-0d1ce1a91ce0	1928bdf0-f5d2-11dc-8c12-b8a03c50a862		e44d0fd7-0edf-477f-aa82-50a81836ab46	1928bdf0-f5d2-11dc-8c12-b8a03c50a862	FR	DWC_ARCHIVE	2024-03-21T10:09:14.312+00:00	2024-03-21T10:14:27.594+00:00	57		{}	HUMAN_OBSERVATION	PRESENT		2117651	1	54	354	9477065	2013	2117630	2117651	2117651	Nymphon multituberculatum Gordon, 1944	Nymphon multituberculatum Gordon, 1944	Animalia	Arthropoda	Pantopoda	Nymphonidae	Nymphon	Nymphon multituberculatum	Nymphon	multituberculatum	SPECIES	ACCEPTED	NE	-71.7127	122.67314	774607.0			ANTARCTICA	{'level0': {'gid': 'ATA', 'name': 'Antarctica'}}							['COUNTRY_COORDINATE_MISMATCH', 'COUNTRY_MISMATCH', 'CONTINENT_DERIVED_FROM_COORDINATES', 'TAXON_MATCH_TAXON_ID_IGNORED']	2024-03-21T10:14:27.594+00:00	http://creativecommons.org/licenses/by/4.0/legalcode			False	[{'identifier': 'd29d5707-8c0e-4bb7-ad55-164394381b8e'}]	[]	[]	[]		False				WGS84	Pycnogonida	TF	[]	[]	ANTARCTICA	French Southern Territories	EUROPE	d29d5707-8c0e-4bb7-ad55-164394381b8e	d29d5707-8c0e-4bb7-ad55-164394381b8e							4547693847	d29d5707-8c0e-4bb7-ad55-164394381b8e				EB6380B5-80AF-5935-E053-0514A8C08744						821689																							Nymphon multituberculatum Gordon, 1944	TAAF : Terre-Ad√©lie	TaxREF	Probable		Gargominy O (2021). TAXREF. Version 4.7. UMS PatriNat (OFB-CNRS-MNHN), Paris. Checklist dataset https://doi.org/10.15468/vqueam accessed via GBIF.org on 2021-06-28.	fr | en		
1019678807	da6a07ed-9eee-460d-9448-910f542c1a7b	2cd829bb-b713-433d-99cf-64bef11e5b3e	['17abcf75-2f1e-46dd-bf75-a5b21dd02655']	86c2834b-fcd6-418d-9b32-aca45110a0fe	2cd829bb-b713-433d-99cf-64bef11e5b3e	FR	EML	2024-07-24T12:23:52.237+00:00	2024-07-24T12:24:41.146+00:00	564		{'http://rs.tdwg.org/dwc/terms/Identification': [{'http://rs.tdwg.org/dwc/terms/namePublishedInYear': '1944', 'http://rs.tdwg.org/dwc/terms/order': 'Pantopoda', 'http://rs.tdwg.org/dwc/terms/higherClassification': 'Nymphon;Nymphonidae;Pantopoda;Arthropoda', 'http://rs.tdwg.org/dwc/terms/scientificNameAuthorship': 'Gordon, 1944', 'http://rs.tdwg.org/dwc/terms/class': 'Pycnogonida', 'http://rs.tdwg.org/dwc/terms/identificationID': 'INVMAR|218896', 'http://rs.tdwg.org/dwc/terms/family': 'Nymphonidae', 'http://rs.tdwg.org/dwc/terms/genus': 'Nymphon', 'http://rs.tdwg.org/dwc/terms/specificEpithet': 'multituberculatum', 'http://rs.tdwg.org/dwc/terms/identificationVerificationStatus': '1', 'http://rs.tdwg.org/dwc/terms/taxonID': 'INVMAR|25205', 'http://rs.tdwg.org/dwc/terms/identifiedBy': 'Arnaud F.', 'http://rs.tdwg.org/dwc/terms/phylum': 'Arthropoda', 'http://rs.tdwg.org/dwc/terms/scientificName': 'Nymphon multituberculatum Gordon, 1944'}]}	PRESERVED_SPECIMEN	PRESENT		2117651	1	54	354	9477065	2013	2117630	2117651	2117651	Nymphon multituberculatum Gordon, 1944	Nymphon multituberculatum Gordon, 1944	Animalia	Arthropoda	Pantopoda	Nymphonidae	Nymphon	Nymphon multituberculatum	Nymphon	multituberculatum	SPECIES	ACCEPTED	NE							{}							['OCCURRENCE_STATUS_INFERRED_FROM_INDIVIDUAL_COUNT', 'INSTITUTION_MATCH_FUZZY']	2024-07-24T12:24:41.146+00:00	http://creativecommons.org/licenses/by/4.0/legalcode			False	[{'identifier': 'http://coldb.mnhn.fr/catalognumber/mnhn/iu/2009-4782'}]	[]	[]	[]	6a6ac6c5-1b8a-48db-91a2-f8661274ff80	False	Arnaud F.				Pycnogonida		[]	[]			EUROPE		http://coldb.mnhn.fr/catalognumber/mnhn/iu/2009-4782							1019678807	http://coldb.mnhn.fr/catalognumber/mnhn/iu/2009-4782		2009-4782	MNHN								1.0	2016-06-29T17:13:12.000+00:00	0641bf3b-29ad-42c9-b3c7-ffb5a76f6954			IU	10.15468/qgvvhd																								
318007582	7c20aae4-f762-11e1-a439-00145eb45e9a	94458240-4e38-11db-985b-b8a03c50a862		6004680a-f762-11e1-a439-00145eb45e9a	94458240-4e38-11db-985b-b8a03c50a862	GB	DIGIR	2023-01-08T06:01:46.113+00:00	2024-01-24T20:26:22.829+00:00	124		{}	OCCURRENCE	PRESENT		2117651	1	54	354	9477065	2013	2117630	2117651	2117651	Nymphon multituberculatum Gordon, 1944	Nymphon multituberculatum Gordon, 1944	Animalia	Arthropoda	Pantopoda	Nymphonidae	Nymphon	Nymphon multituberculatum	Nymphon	multituberculatum	SPECIES	ACCEPTED	NE	-70.4817	-8.2517		286.0	0.0	ANTARCTICA	{}							['GEODETIC_DATUM_ASSUMED_WGS84', 'COUNTRY_DERIVED_FROM_COORDINATES', 'CONTINENT_DERIVED_FROM_COORDINATES', 'BASIS_OF_RECORD_INVALID']	2024-01-24T20:26:22.829+00:00	http://creativecommons.org/licenses/by/4.0/legalcode			False	[{'identifier': 'urn:catalog:BAS:SOMBASE Pycnogonids:21491'}]	[]	[]	[]		False				WGS84	Pycnogonida	AQ	[]	[]	ANTARCTICA	Antarctica	EUROPE									318007582			21491	BAS													SOMBASE Pycnogonids																									
318007935	7c20aae4-f762-11e1-a439-00145eb45e9a	94458240-4e38-11db-985b-b8a03c50a862		6004680a-f762-11e1-a439-00145eb45e9a	94458240-4e38-11db-985b-b8a03c50a862	GB	DIGIR	2023-01-08T06:01:46.113+00:00	2024-01-24T20:26:23.796+00:00	124		{}	OCCURRENCE	PRESENT		2117651	1	54	354	9477065	2013	2117630	2117651	2117651	Nymphon multituberculatum Gordon, 1944	Nymphon multituberculatum Gordon, 1944	Animalia	Arthropoda	Pantopoda	Nymphonidae	Nymphon	Nymphon multituberculatum	Nymphon	multituberculatum	SPECIES	ACCEPTED	NE	-66.5	139.0		125.0	125.0		{}							['GEODETIC_DATUM_ASSUMED_WGS84', 'COUNTRY_DERIVED_FROM_COORDINATES', 'BASIS_OF_RECORD_INVALID']	2024-01-24T20:26:23.796+00:00	http://creativecommons.org/licenses/by/4.0/legalcode			False	[{'identifier': 'urn:catalog:BAS:SOMBASE Pycnogonids:34235'}]	[]	[]	[]		False				WGS84	Pycnogonida	AQ	[]	[]	ANTARCTICA	Antarctica	EUROPE									318007935			34235	BAS													SOMBASE Pycnogonids																									
318008055	7c20aae4-f762-11e1-a439-00145eb45e9a	94458240-4e38-11db-985b-b8a03c50a862		6004680a-f762-11e1-a439-00145eb45e9a	94458240-4e38-11db-985b-b8a03c50a862	GB	DIGIR	2023-01-08T06:01:46.113+00:00	2024-01-24T20:26:22.741+00:00	124		{}	OCCURRENCE	PRESENT		2117651	1	54	354	9477065	2013	2117630	2117651	2117651	Nymphon multituberculatum Gordon, 1944	Nymphon multituberculatum Gordon, 1944	Animalia	Arthropoda	Pantopoda	Nymphonidae	Nymphon	Nymphon multituberculatum	Nymphon	multituberculatum	SPECIES	ACCEPTED	NE	-66.8	71.7		540.0	0.0		{}							['GEODETIC_DATUM_ASSUMED_WGS84', 'COUNTRY_DERIVED_FROM_COORDINATES', 'BASIS_OF_RECORD_INVALID']	2024-01-24T20:26:22.741+00:00	http://creativecommons.org/licenses/by/4.0/legalcode			False	[{'identifier': 'urn:catalog:BAS:SOMBASE Pycnogonids:34825'}]	[]	[]	[]		False				WGS84	Pycnogonida	AQ	[]	[]	ANTARCTICA	Antarctica	EUROPE									318008055			34825	BAS													SOMBASE Pycnogonids																									
318008056	7c20aae4-f762-11e1-a439-00145eb45e9a	94458240-4e38-11db-985b-b8a03c50a862		6004680a-f762-11e1-a439-00145eb45e9a	94458240-4e38-11db-985b-b8a03c50a862	GB	DIGIR	2023-01-08T06:01:46.113+00:00	2024-01-24T20:26:22.771+00:00	124		{}	OCCURRENCE	PRESENT		2117651	1	54	354	9477065	2013	2117630	2117651	2117651	Nymphon multituberculatum Gordon, 1944	Nymphon multituberculatum Gordon, 1944	Animalia	Arthropoda	Pantopoda	Nymphonidae	Nymphon	Nymphon multituberculatum	Nymphon	multituberculatum	SPECIES	ACCEPTED	NE	-66.1666	49.6833		300.0	0.0		{}							['GEODETIC_DATUM_ASSUMED_WGS84', 'COUNTRY_DERIVED_FROM_COORDINATES', 'BASIS_OF_RECORD_INVALID']	2024-01-24T20:26:22.771+00:00	http://creativecommons.org/licenses/by/4.0/legalcode			False	[{'identifier': 'urn:catalog:BAS:SOMBASE Pycnogonids:34826'}]	[]	[]	[]		False				WGS84	Pycnogonida	AQ	[]	[]	ANTARCTICA	Antarctica	EUROPE									318008056			34826	BAS													SOMBASE Pycnogonids																									
318008057	7c20aae4-f762-11e1-a439-00145eb45e9a	94458240-4e38-11db-985b-b8a03c50a862		6004680a-f762-11e1-a439-00145eb45e9a	94458240-4e38-11db-985b-b8a03c50a862	GB	DIGIR	2023-01-08T06:01:46.113+00:00	2024-01-24T20:26:22.771+00:00	124		{}	OCCURRENCE	PRESENT		2117651	1	54	354	9477065	2013	2117630	2117651	2117651	Nymphon multituberculatum Gordon, 1944	Nymphon multituberculatum Gordon, 1944	Animalia	Arthropoda	Pantopoda	Nymphonidae	Nymphon	Nymphon multituberculatum	Nymphon	multituberculatum	SPECIES	ACCEPTED	NE	-65.8	53.2666		194.5	14.5		{}							['GEODETIC_DATUM_ASSUMED_WGS84', 'COUNTRY_DERIVED_FROM_COORDINATES', 'BASIS_OF_RECORD_INVALID']	2024-01-24T20:26:22.771+00:00	http://creativecommons.org/licenses/by/4.0/legalcode			False	[{'identifier': 'urn:catalog:BAS:SOMBASE Pycnogonids:34827'}]	[]	[]	[]		False				WGS84	Pycnogonida	AQ	[]	[]	ANTARCTICA	Antarctica	EUROPE									318008057			34827	BAS													SOMBASE Pycnogonids																									
318008058	7c20aae4-f762-11e1-a439-00145eb45e9a	94458240-4e38-11db-985b-b8a03c50a862		6004680a-f762-11e1-a439-00145eb45e9a	94458240-4e38-11db-985b-b8a03c50a862	GB	DIGIR	2023-01-08T06:01:46.113+00:00	2024-01-24T20:26:22.772+00:00	124		{}	OCCURRENCE	PRESENT		2117651	1	54	354	9477065	2013	2117630	2117651	2117651	Nymphon multituberculatum Gordon, 1944	Nymphon multituberculatum Gordon, 1944	Animalia	Arthropoda	Pantopoda	Nymphonidae	Nymphon	Nymphon multituberculatum	Nymphon	multituberculatum	SPECIES	ACCEPTED	NE	-66.35	138.4666		640.0	0.0		{}							['GEODETIC_DATUM_ASSUMED_WGS84', 'COUNTRY_DERIVED_FROM_COORDINATES', 'BASIS_OF_RECORD_INVALID']	2024-01-24T20:26:22.772+00:00	http://creativecommons.org/licenses/by/4.0/legalcode			False	[{'identifier': 'urn:catalog:BAS:SOMBASE Pycnogonids:34828'}]	[]	[]	[]		False				WGS84	Pycnogonida	AQ	[]	[]	ANTARCTICA	Antarctica	EUROPE									318008058			34828	BAS													SOMBASE Pycnogonids																									
318008059	7c20aae4-f762-11e1-a439-00145eb45e9a	94458240-4e38-11db-985b-b8a03c50a862		6004680a-f762-11e1-a439-00145eb45e9a	94458240-4e38-11db-985b-b8a03c50a862	GB	DIGIR	2023-01-08T06:01:46.113+00:00	2024-01-24T20:26:22.771+00:00	124		{}	OCCURRENCE	PRESENT		2117651	1	54	354	9477065	2013	2117630	2117651	2117651	Nymphon multituberculatum Gordon, 1944	Nymphon multituberculatum Gordon, 1944	Animalia	Arthropoda	Pantopoda	Nymphonidae	Nymphon	Nymphon multituberculatum	Nymphon	multituberculatum	SPECIES	ACCEPTED	NE	-65.1166	107.4833		502.0	0.0		{}							['GEODETIC_DATUM_ASSUMED_WGS84', 'COUNTRY_DERIVED_FROM_COORDINATES', 'BASIS_OF_RECORD_INVALID']	2024-01-24T20:26:22.771+00:00	http://creativecommons.org/licenses/by/4.0/legalcode			False	[{'identifier': 'urn:catalog:BAS:SOMBASE Pycnogonids:34829'}]	[]	[]	[]		False				WGS84	Pycnogonida	AQ	[]	[]	ANTARCTICA	Antarctica	EUROPE									318008059			34829	BAS													SOMBASE Pycnogonids																									
318008060	7c20aae4-f762-11e1-a439-00145eb45e9a	94458240-4e38-11db-985b-b8a03c50a862		6004680a-f762-11e1-a439-00145eb45e9a	94458240-4e38-11db-985b-b8a03c50a862	GB	DIGIR	2023-01-08T06:01:46.113+00:00	2024-01-24T20:26:22.769+00:00	124		{}	OCCURRENCE	PRESENT		2117651	1	54	354	9477065	2013	2117630	2117651	2117651	Nymphon multituberculatum Gordon, 1944	Nymphon multituberculatum Gordon, 1944	Animalia	Arthropoda	Pantopoda	Nymphonidae	Nymphon	Nymphon multituberculatum	Nymphon	multituberculatum	SPECIES	ACCEPTED	NE	-66.75	62.05		219.0	0.0		{}							['GEODETIC_DATUM_ASSUMED_WGS84', 'COUNTRY_DERIVED_FROM_COORDINATES', 'BASIS_OF_RECORD_INVALID']	2024-01-24T20:26:22.769+00:00	http://creativecommons.org/licenses/by/4.0/legalcode			False	[{'identifier': 'urn:catalog:BAS:SOMBASE Pycnogonids:34830'}]	[]	[]	[]		False				WGS84	Pycnogonida	AQ	[]	[]	ANTARCTICA	Antarctica	EUROPE									318008060			34830	BAS													SOMBASE Pycnogonids																									
318008275	7c20aae4-f762-11e1-a439-00145eb45e9a	94458240-4e38-11db-985b-b8a03c50a862		6004680a-f762-11e1-a439-00145eb45e9a	94458240-4e38-11db-985b-b8a03c50a862	GB	DIGIR	2023-01-08T06:01:46.113+00:00	2024-01-24T20:26:23.638+00:00	124		{}	OCCURRENCE	PRESENT		2117651	1	54	354	9477065	2013	2117630	2117651	2117651	Nymphon multituberculatum Gordon, 1944	Nymphon multituberculatum Gordon, 1944	Animalia	Arthropoda	Pantopoda	Nymphonidae	Nymphon	Nymphon multituberculatum	Nymphon	multituberculatum	SPECIES	ACCEPTED	NE	-74.3908	-104.7672		503.5	1.5		{}							['GEODETIC_DATUM_ASSUMED_WGS84', 'COUNTRY_DERIVED_FROM_COORDINATES', 'BASIS_OF_RECORD_INVALID']	2024-01-24T20:26:23.638+00:00	http://creativecommons.org/licenses/by/4.0/legalcode			False	[{'identifier': 'urn:catalog:BAS:SOMBASE Pycnogonids:39110'}]	[]	[]	[]		False				WGS84	Pycnogonida	AQ	[]	[]	ANTARCTICA	Antarctica	EUROPE									318008275			39110	BAS													SOMBASE Pycnogonids																									
318008276	7c20aae4-f762-11e1-a439-00145eb45e9a	94458240-4e38-11db-985b-b8a03c50a862		6004680a-f762-11e1-a439-00145eb45e9a	94458240-4e38-11db-985b-b8a03c50a862	GB	DIGIR	2023-01-08T06:01:46.113+00:00	2024-01-24T20:26:23.637+00:00	124		{}	OCCURRENCE	PRESENT		2117651	1	54	354	9477065	2013	2117630	2117651	2117651	Nymphon multituberculatum Gordon, 1944	Nymphon multituberculatum Gordon, 1944	Animalia	Arthropoda	Pantopoda	Nymphonidae	Nymphon	Nymphon multituberculatum	Nymphon	multituberculatum	SPECIES	ACCEPTED	NE	-74.3984	-104.6321		499.5	8.5		{}							['GEODETIC_DATUM_ASSUMED_WGS84', 'COUNTRY_DERIVED_FROM_COORDINATES', 'BASIS_OF_RECORD_INVALID']	2024-01-24T20:26:23.637+00:00	http://creativecommons.org/licenses/by/4.0/legalcode			False	[{'identifier': 'urn:catalog:BAS:SOMBASE Pycnogonids:39111'}]	[]	[]	[]		False				WGS84	Pycnogonida	AQ	[]	[]	ANTARCTICA	Antarctica	EUROPE									318008276			39111	BAS													SOMBASE Pycnogonids																									
318008336	7c20aae4-f762-11e1-a439-00145eb45e9a	94458240-4e38-11db-985b-b8a03c50a862		6004680a-f762-11e1-a439-00145eb45e9a	94458240-4e38-11db-985b-b8a03c50a862	GB	DIGIR	2023-01-08T06:01:46.113+00:00	2024-01-24T20:26:21.959+00:00	124		{}	OCCURRENCE	PRESENT		2117651	1	54	354	9477065	2013	2117630	2117651	2117651	Nymphon multituberculatum Gordon, 1944	Nymphon multituberculatum Gordon, 1944	Animalia	Arthropoda	Pantopoda	Nymphonidae	Nymphon	Nymphon multituberculatum	Nymphon	multituberculatum	SPECIES	ACCEPTED	NE	-70.4833	-8.25		284.5	1.5	ANTARCTICA	{}							['GEODETIC_DATUM_ASSUMED_WGS84', 'COUNTRY_DERIVED_FROM_COORDINATES', 'CONTINENT_DERIVED_FROM_COORDINATES', 'BASIS_OF_RECORD_INVALID']	2024-01-24T20:26:21.959+00:00	http://creativecommons.org/licenses/by/4.0/legalcode			False	[{'identifier': 'urn:catalog:BAS:SOMBASE Pycnogonids:39389'}]	[]	[]	[]		False				WGS84	Pycnogonida	AQ	[]	[]	ANTARCTICA	Antarctica	EUROPE									318008336			39389	BAS													SOMBASE Pycnogonids																									
318008429	7c20aae4-f762-11e1-a439-00145eb45e9a	94458240-4e38-11db-985b-b8a03c50a862		6004680a-f762-11e1-a439-00145eb45e9a	94458240-4e38-11db-985b-b8a03c50a862	GB	DIGIR	2023-01-08T06:01:46.113+00:00	2024-01-24T20:26:22.371+00:00	124		{}	OCCURRENCE	PRESENT		2117651	1	54	354	9477065	2013	2117630	2117651	2117651	Nymphon multituberculatum Gordon, 1944	Nymphon multituberculatum Gordon, 1944	Animalia	Arthropoda	Pantopoda	Nymphonidae	Nymphon	Nymphon multituberculatum	Nymphon	multituberculatum	SPECIES	ACCEPTED	NE	-63.0593	-60.659		330.0	0.0	ANTARCTICA	{}							['GEODETIC_DATUM_ASSUMED_WGS84', 'COUNTRY_DERIVED_FROM_COORDINATES', 'CONTINENT_DERIVED_FROM_COORDINATES', 'BASIS_OF_RECORD_INVALID']	2024-01-24T20:26:22.371+00:00	http://creativecommons.org/licenses/by/4.0/legalcode			False	[{'identifier': 'urn:catalog:BAS:SOMBASE Pycnogonids:39821'}]	[]	[]	[]		False				WGS84	Pycnogonida	AQ	[]	[]	ANTARCTICA	Antarctica	EUROPE									318008429			39821	BAS													SOMBASE Pycnogonids																									
318008430	7c20aae4-f762-11e1-a439-00145eb45e9a	94458240-4e38-11db-985b-b8a03c50a862		6004680a-f762-11e1-a439-00145eb45e9a	94458240-4e38-11db-985b-b8a03c50a862	GB	DIGIR	2023-01-08T06:01:46.113+00:00	2024-01-24T20:26:22.376+00:00	124		{}	OCCURRENCE	PRESENT		2117651	1	54	354	9477065	2013	2117630	2117651	2117651	Nymphon multituberculatum Gordon, 1944	Nymphon multituberculatum Gordon, 1944	Animalia	Arthropoda	Pantopoda	Nymphonidae	Nymphon	Nymphon multituberculatum	Nymphon	multituberculatum	SPECIES	ACCEPTED	NE	-62.7611	-60.5376		427.0	0.0		{}							['GEODETIC_DATUM_ASSUMED_WGS84', 'COUNTRY_DERIVED_FROM_COORDINATES', 'BASIS_OF_RECORD_INVALID']	2024-01-24T20:26:22.376+00:00	http://creativecommons.org/licenses/by/4.0/legalcode			False	[{'identifier': 'urn:catalog:BAS:SOMBASE Pycnogonids:39822'}]	[]	[]	[]		False				WGS84	Pycnogonida	AQ	[]	[]	ANTARCTICA	Antarctica	EUROPE									318008430			39822	BAS													SOMBASE Pycnogonids																									
4055737293	2f7c33b3-ea7a-40ac-a3b7-bace96f978f7	2089ce96-4fb5-4a20-999c-3ccf45a27a4d	['2b7c7b4f-4d4f-40d3-94de-c28b6fa054a6']	f9df6cff-21d4-4d4b-8da4-eda454f5a086	2089ce96-4fb5-4a20-999c-3ccf45a27a4d	BE	EML	2024-07-02T17:06:09.698+00:00	2024-07-02T17:06:50.830+00:00	81		{}	PRESERVED_SPECIMEN	PRESENT		2117651	1	54	354	9477065	2013	2117630	2117651	2117651	Nymphon multituberculatum Gordon, 1944	Nymphon multituberculatum Gordon, 1944	Animalia	Arthropoda	Pantopoda	Nymphonidae	Nymphon	Nymphon multituberculatum	Nymphon	multituberculatum	SPECIES	ACCEPTED	NE	-66.35	138.47					{}							['GEODETIC_DATUM_ASSUMED_WGS84', 'COUNTRY_DERIVED_FROM_COORDINATES', 'INSTITUTION_MATCH_NONE']	2024-07-02T17:06:50.830+00:00	http://creativecommons.org/licenses/by/4.0/legalcode			False	[{'identifier': 'WoRMS Editorial Board:WoRMS type localities:sm_id_1111'}]	[]	[]	[]		True				WGS84	Pycnogonida	AQ	[]	[]	ANTARCTICA	Antarctica	EUROPE		WoRMS Editorial Board:WoRMS type localities:sm_id_1111	urn:lsid:marinespecies.org:taxname:173462						4055737293	WoRMS Editorial Board:WoRMS type localities:sm_id_1111		sm_id_1111	WoRMS Editorial Board	https://marineinfo.org/id/dataset/5184								2007-06-20T15:52:33.000+00:00			Southern Ocean	WoRMS type localities													HOLOTYPE											http://www.marinespecies.org/aphia.php?p=specdetails&id=1111	Bamber, R.N.; El Nagar, A.; Arango, C.P. (Eds) (2024). Pycnobase: World Pycnogonida Database. <i>Nymphon multituberculatum</i> Gordon, 1944. Accessed through: World Register of Marine Species at: https://www.marinespecies.org/aphia.php?p=taxdetails&id=173462
