key	datasetKey	publishingOrgKey	networkKeys	installationKey	hostingOrganizationKey	publishingCountry	protocol	lastCrawled	lastParsed	crawlId	extensions	basisOfRecord	individualCount	occurrenceStatus	taxonKey	kingdomKey	phylumKey	classKey	orderKey	familyKey	genusKey	speciesKey	acceptedTaxonKey	scientificName	acceptedScientificName	kingdom	phylum	order	family	genus	species	genericName	specificEpithet	taxonRank	taxonomicStatus	iucnRedListCategory	decimalLatitude	decimalLongitude	depth	continent	gadm	year	month	day	eventDate	startDayOfYear	endDayOfYear	issues	modified	lastInterpreted	license	isSequenced	identifiers	media	facts	relations	institutionKey	collectionKey	isInCluster	recordedBy	identifiedBy	geodeticDatum	class	countryCode	recordedByIDs	identifiedByIDs	gbifRegion	country	publishedByGbifRegion	identifier	catalogNumber	institutionCode	locality	fieldNumber	gbifID	collectionCode	occurrenceID	collectionID	depthAccuracy	verbatimLocality	stateProvince	typeStatus	preparations	rightsHolder	nomenclaturalCode	institutionID	verbatimEventDate	higherClassification	sex	references	datasetID	scientificNameID	bibliographicCitation
3762705814	da6a07ed-9eee-460d-9448-910f542c1a7b	2cd829bb-b713-433d-99cf-64bef11e5b3e	['17abcf75-2f1e-46dd-bf75-a5b21dd02655']	86c2834b-fcd6-418d-9b32-aca45110a0fe	2cd829bb-b713-433d-99cf-64bef11e5b3e	FR	EML	2024-07-24T12:23:52.237+00:00	2024-07-24T12:24:44.834+00:00	564	{'http://rs.tdwg.org/dwc/terms/Identification': [{'http://rs.tdwg.org/dwc/terms/namePublishedInYear': '1973', 'http://rs.tdwg.org/dwc/terms/order': 'Pantopoda', 'http://rs.tdwg.org/dwc/terms/higherClassification': 'Rhynchothorax;Rhynchothoracidae;Pantopoda;Arthropoda', 'http://rs.tdwg.org/dwc/terms/scientificNameAuthorship': 'Krapp, 1973', 'http://rs.tdwg.org/dwc/terms/class': 'Pycnogonida', 'http://rs.tdwg.org/dwc/terms/identificationID': 'INVMAR|516234', 'http://rs.tdwg.org/dwc/terms/family': 'Rhynchothoracidae', 'http://rs.tdwg.org/dwc/terms/genus': 'Rhynchothorax', 'http://rs.tdwg.org/dwc/terms/specificEpithet': 'alcicornis', 'http://rs.tdwg.org/dwc/terms/identificationVerificationStatus': '1', 'http://rs.tdwg.org/dwc/terms/taxonID': 'INVMAR|22581', 'http://rs.tdwg.org/dwc/terms/identifiedBy': 'Sabroux R.', 'http://rs.tdwg.org/dwc/terms/phylum': 'Arthropoda', 'http://rs.tdwg.org/dwc/terms/scientificName': 'Rhynchothorax alcicornis Krapp, 1973'}]}	PRESERVED_SPECIMEN	1.0	PRESENT	2117967	1	54	354	9477065	2015	2117960	2117967	2117967	Rhynchothorax alcicornis Krapp, 1973	Rhynchothorax alcicornis Krapp, 1973	Animalia	Arthropoda	Pantopoda	Rhynchothoracidae	Rhynchothorax	Rhynchothorax alcicornis	Rhynchothorax	alcicornis	SPECIES	ACCEPTED	NE	42.372333	8.540033	26.0	EUROPE	{}	2021.0	5.0	16.0	2021-05-16	136.0	136.0	['GEODETIC_DATUM_ASSUMED_WGS84', 'CONTINENT_DERIVED_FROM_COORDINATES', 'OCCURRENCE_STATUS_INFERRED_FROM_INDIVIDUAL_COUNT', 'INSTITUTION_MATCH_FUZZY']	2015-06-19T19:23:01.000+00:00	2024-07-24T12:24:44.834+00:00	http://creativecommons.org/licenses/by/4.0/legalcode	False	[{'identifier': 'http://coldb.mnhn.fr/catalognumber/mnhn/iu/2021-142'}]	[]	[]	[]	6a6ac6c5-1b8a-48db-91a2-f8661274ff80	0641bf3b-29ad-42c9-b3c7-ffb5a76f6954	False	La_Planète_Revisitée	Sabroux R.	WGS84	Pycnogonida	FR	[]	[]	EUROPE	France	EUROPE	http://coldb.mnhn.fr/catalognumber/mnhn/iu/2021-142	2021-142	MNHN	Nord île de Gargalo	CORSICABENTHOS 3/CB31	3762705814	IU	http://coldb.mnhn.fr/catalognumber/mnhn/iu/2021-142	10.15468/qgvvhd															
3762705817	da6a07ed-9eee-460d-9448-910f542c1a7b	2cd829bb-b713-433d-99cf-64bef11e5b3e	['17abcf75-2f1e-46dd-bf75-a5b21dd02655']	86c2834b-fcd6-418d-9b32-aca45110a0fe	2cd829bb-b713-433d-99cf-64bef11e5b3e	FR	EML	2024-07-24T12:23:52.237+00:00	2024-07-24T12:24:44.835+00:00	564	{'http://rs.tdwg.org/dwc/terms/Identification': [{'http://rs.tdwg.org/dwc/terms/namePublishedInYear': '1973', 'http://rs.tdwg.org/dwc/terms/order': 'Pantopoda', 'http://rs.tdwg.org/dwc/terms/higherClassification': 'Rhynchothorax;Rhynchothoracidae;Pantopoda;Arthropoda', 'http://rs.tdwg.org/dwc/terms/scientificNameAuthorship': 'Krapp, 1973', 'http://rs.tdwg.org/dwc/terms/class': 'Pycnogonida', 'http://rs.tdwg.org/dwc/terms/identificationID': 'INVMAR|516235', 'http://rs.tdwg.org/dwc/terms/family': 'Rhynchothoracidae', 'http://rs.tdwg.org/dwc/terms/genus': 'Rhynchothorax', 'http://rs.tdwg.org/dwc/terms/specificEpithet': 'alcicornis', 'http://rs.tdwg.org/dwc/terms/identificationVerificationStatus': '1', 'http://rs.tdwg.org/dwc/terms/taxonID': 'INVMAR|22581', 'http://rs.tdwg.org/dwc/terms/identifiedBy': 'Sabroux R.', 'http://rs.tdwg.org/dwc/terms/phylum': 'Arthropoda', 'http://rs.tdwg.org/dwc/terms/scientificName': 'Rhynchothorax alcicornis Krapp, 1973'}]}	PRESERVED_SPECIMEN	1.0	PRESENT	2117967	1	54	354	9477065	2015	2117960	2117967	2117967	Rhynchothorax alcicornis Krapp, 1973	Rhynchothorax alcicornis Krapp, 1973	Animalia	Arthropoda	Pantopoda	Rhynchothoracidae	Rhynchothorax	Rhynchothorax alcicornis	Rhynchothorax	alcicornis	SPECIES	ACCEPTED	NE	42.243783	8.554117	57.0	EUROPE	{}	2021.0	5.0	16.0	2021-05-16	136.0	136.0	['GEODETIC_DATUM_ASSUMED_WGS84', 'CONTINENT_DERIVED_FROM_COORDINATES', 'OCCURRENCE_STATUS_INFERRED_FROM_INDIVIDUAL_COUNT', 'INSTITUTION_MATCH_FUZZY']	2015-06-19T19:23:01.000+00:00	2024-07-24T12:24:44.835+00:00	http://creativecommons.org/licenses/by/4.0/legalcode	False	[{'identifier': 'http://coldb.mnhn.fr/catalognumber/mnhn/iu/2021-143'}]	[]	[]	[]	6a6ac6c5-1b8a-48db-91a2-f8661274ff80	0641bf3b-29ad-42c9-b3c7-ffb5a76f6954	False	La_Planète_Revisitée	Sabroux R.	WGS84	Pycnogonida	FR	[]	[]	EUROPE	France	EUROPE	http://coldb.mnhn.fr/catalognumber/mnhn/iu/2021-143	2021-143	MNHN	Nord de Capu Rossu, Golfe de Porto	CORSICABENTHOS 3/CD139	3762705817	IU	http://coldb.mnhn.fr/catalognumber/mnhn/iu/2021-143	10.15468/qgvvhd	3.0														
3762705824	da6a07ed-9eee-460d-9448-910f542c1a7b	2cd829bb-b713-433d-99cf-64bef11e5b3e	['17abcf75-2f1e-46dd-bf75-a5b21dd02655']	86c2834b-fcd6-418d-9b32-aca45110a0fe	2cd829bb-b713-433d-99cf-64bef11e5b3e	FR	EML	2024-07-24T12:23:52.237+00:00	2024-07-24T12:24:44.835+00:00	564	{'http://rs.tdwg.org/dwc/terms/Identification': [{'http://rs.tdwg.org/dwc/terms/namePublishedInYear': '1973', 'http://rs.tdwg.org/dwc/terms/order': 'Pantopoda', 'http://rs.tdwg.org/dwc/terms/higherClassification': 'Rhynchothorax;Rhynchothoracidae;Pantopoda;Arthropoda', 'http://rs.tdwg.org/dwc/terms/scientificNameAuthorship': 'Krapp, 1973', 'http://rs.tdwg.org/dwc/terms/class': 'Pycnogonida', 'http://rs.tdwg.org/dwc/terms/identificationID': 'INVMAR|516236', 'http://rs.tdwg.org/dwc/terms/family': 'Rhynchothoracidae', 'http://rs.tdwg.org/dwc/terms/genus': 'Rhynchothorax', 'http://rs.tdwg.org/dwc/terms/specificEpithet': 'alcicornis', 'http://rs.tdwg.org/dwc/terms/identificationVerificationStatus': '1', 'http://rs.tdwg.org/dwc/terms/taxonID': 'INVMAR|22581', 'http://rs.tdwg.org/dwc/terms/identifiedBy': 'Sabroux R.', 'http://rs.tdwg.org/dwc/terms/phylum': 'Arthropoda', 'http://rs.tdwg.org/dwc/terms/scientificName': 'Rhynchothorax alcicornis Krapp, 1973'}]}	PRESERVED_SPECIMEN	1.0	PRESENT	2117967	1	54	354	9477065	2015	2117960	2117967	2117967	Rhynchothorax alcicornis Krapp, 1973	Rhynchothorax alcicornis Krapp, 1973	Animalia	Arthropoda	Pantopoda	Rhynchothoracidae	Rhynchothorax	Rhynchothorax alcicornis	Rhynchothorax	alcicornis	SPECIES	ACCEPTED	NE	42.239217	8.55155	14.0	EUROPE	{'level0': {'gid': 'FRA', 'name': 'France'}, 'level1': {'gid': 'FRA.5_1', 'name': 'Corse'}, 'level2': {'gid': 'FRA.5.1_1', 'name': 'Corse-du-Sud'}, 'level3': {'gid': 'FRA.5.1.1_1', 'name': 'Ajaccio'}}	2021.0	5.0	16.0	2021-05-16	136.0	136.0	['GEODETIC_DATUM_ASSUMED_WGS84', 'CONTINENT_DERIVED_FROM_COORDINATES', 'OCCURRENCE_STATUS_INFERRED_FROM_INDIVIDUAL_COUNT', 'INSTITUTION_MATCH_FUZZY']	2015-08-25T12:39:13.000+00:00	2024-07-24T12:24:44.835+00:00	http://creativecommons.org/licenses/by/4.0/legalcode	False	[{'identifier': 'http://coldb.mnhn.fr/catalognumber/mnhn/iu/2021-144'}]	[]	[]	[]	6a6ac6c5-1b8a-48db-91a2-f8661274ff80	0641bf3b-29ad-42c9-b3c7-ffb5a76f6954	False	La_Planète_Revisitée	Sabroux R.	WGS84	Pycnogonida	FR	[]	[]	EUROPE	France	EUROPE	http://coldb.mnhn.fr/catalognumber/mnhn/iu/2021-144	2021-144	MNHN	Tour de Turghiu	CORSICABENTHOS 3/CB32	3762705824	IU	http://coldb.mnhn.fr/catalognumber/mnhn/iu/2021-144	10.15468/qgvvhd															
3762705778	da6a07ed-9eee-460d-9448-910f542c1a7b	2cd829bb-b713-433d-99cf-64bef11e5b3e	['17abcf75-2f1e-46dd-bf75-a5b21dd02655']	86c2834b-fcd6-418d-9b32-aca45110a0fe	2cd829bb-b713-433d-99cf-64bef11e5b3e	FR	EML	2024-07-24T12:23:52.237+00:00	2024-07-24T12:24:55.343+00:00	564	{'http://rs.tdwg.org/dwc/terms/Identification': [{'http://rs.tdwg.org/dwc/terms/namePublishedInYear': '1973', 'http://rs.tdwg.org/dwc/terms/order': 'Pantopoda', 'http://rs.tdwg.org/dwc/terms/higherClassification': 'Rhynchothorax;Rhynchothoracidae;Pantopoda;Arthropoda', 'http://rs.tdwg.org/dwc/terms/scientificNameAuthorship': 'Krapp, 1973', 'http://rs.tdwg.org/dwc/terms/class': 'Pycnogonida', 'http://rs.tdwg.org/dwc/terms/identificationID': 'INVMAR|516231', 'http://rs.tdwg.org/dwc/terms/family': 'Rhynchothoracidae', 'http://rs.tdwg.org/dwc/terms/genus': 'Rhynchothorax', 'http://rs.tdwg.org/dwc/terms/specificEpithet': 'alcicornis', 'http://rs.tdwg.org/dwc/terms/identificationVerificationStatus': '1', 'http://rs.tdwg.org/dwc/terms/taxonID': 'INVMAR|22581', 'http://rs.tdwg.org/dwc/terms/identifiedBy': 'Sabroux R.', 'http://rs.tdwg.org/dwc/terms/phylum': 'Arthropoda', 'http://rs.tdwg.org/dwc/terms/scientificName': 'Rhynchothorax alcicornis Krapp, 1973'}]}	PRESERVED_SPECIMEN	1.0	PRESENT	2117967	1	54	354	9477065	2015	2117960	2117967	2117967	Rhynchothorax alcicornis Krapp, 1973	Rhynchothorax alcicornis Krapp, 1973	Animalia	Arthropoda	Pantopoda	Rhynchothoracidae	Rhynchothorax	Rhynchothorax alcicornis	Rhynchothorax	alcicornis	SPECIES	ACCEPTED	NE	41.398967	9.27385	34.0	EUROPE	{}	2020.0	10.0	13.0	2020-10-13	287.0	287.0	['GEODETIC_DATUM_ASSUMED_WGS84', 'CONTINENT_DERIVED_FROM_COORDINATES', 'OCCURRENCE_STATUS_INFERRED_FROM_INDIVIDUAL_COUNT', 'INSTITUTION_MATCH_FUZZY']	2015-06-19T19:23:01.000+00:00	2024-07-24T12:24:55.343+00:00	http://creativecommons.org/licenses/by/4.0/legalcode	False	[{'identifier': 'http://coldb.mnhn.fr/catalognumber/mnhn/iu/2020-580'}]	[]	[]	[]	6a6ac6c5-1b8a-48db-91a2-f8661274ff80	0641bf3b-29ad-42c9-b3c7-ffb5a76f6954	False	La_Planète_Revisitée	Sabroux R.	WGS84	Pycnogonida	FR	[]	[]	EUROPE	France	EUROPE	http://coldb.mnhn.fr/catalognumber/mnhn/iu/2020-580	2020-580	MNHN	Passage de la Plantarella	CORSICABENTHOS 2/CD56	3762705778	IU	http://coldb.mnhn.fr/catalognumber/mnhn/iu/2020-580	10.15468/qgvvhd	2.0														
3762705772	da6a07ed-9eee-460d-9448-910f542c1a7b	2cd829bb-b713-433d-99cf-64bef11e5b3e	['17abcf75-2f1e-46dd-bf75-a5b21dd02655']	86c2834b-fcd6-418d-9b32-aca45110a0fe	2cd829bb-b713-433d-99cf-64bef11e5b3e	FR	EML	2024-07-24T12:23:52.237+00:00	2024-07-24T12:24:55.342+00:00	564	{'http://rs.tdwg.org/dwc/terms/Identification': [{'http://rs.tdwg.org/dwc/terms/namePublishedInYear': '1973', 'http://rs.tdwg.org/dwc/terms/order': 'Pantopoda', 'http://rs.tdwg.org/dwc/terms/higherClassification': 'Rhynchothorax;Rhynchothoracidae;Pantopoda;Arthropoda', 'http://rs.tdwg.org/dwc/terms/scientificNameAuthorship': 'Krapp, 1973', 'http://rs.tdwg.org/dwc/terms/class': 'Pycnogonida', 'http://rs.tdwg.org/dwc/terms/identificationID': 'INVMAR|516232', 'http://rs.tdwg.org/dwc/terms/family': 'Rhynchothoracidae', 'http://rs.tdwg.org/dwc/terms/genus': 'Rhynchothorax', 'http://rs.tdwg.org/dwc/terms/specificEpithet': 'alcicornis', 'http://rs.tdwg.org/dwc/terms/identificationVerificationStatus': '1', 'http://rs.tdwg.org/dwc/terms/taxonID': 'INVMAR|22581', 'http://rs.tdwg.org/dwc/terms/identifiedBy': 'Sabroux R.', 'http://rs.tdwg.org/dwc/terms/phylum': 'Arthropoda', 'http://rs.tdwg.org/dwc/terms/scientificName': 'Rhynchothorax alcicornis Krapp, 1973'}]}	PRESERVED_SPECIMEN	1.0	PRESENT	2117967	1	54	354	9477065	2015	2117960	2117967	2117967	Rhynchothorax alcicornis Krapp, 1973	Rhynchothorax alcicornis Krapp, 1973	Animalia	Arthropoda	Pantopoda	Rhynchothoracidae	Rhynchothorax	Rhynchothorax alcicornis	Rhynchothorax	alcicornis	SPECIES	ACCEPTED	NE	41.398967	9.27385	34.0	EUROPE	{}	2020.0	10.0	13.0	2020-10-13	287.0	287.0	['GEODETIC_DATUM_ASSUMED_WGS84', 'CONTINENT_DERIVED_FROM_COORDINATES', 'OCCURRENCE_STATUS_INFERRED_FROM_INDIVIDUAL_COUNT', 'INSTITUTION_MATCH_FUZZY']	2015-06-19T19:23:01.000+00:00	2024-07-24T12:24:55.342+00:00	http://creativecommons.org/licenses/by/4.0/legalcode	False	[{'identifier': 'http://coldb.mnhn.fr/catalognumber/mnhn/iu/2020-588'}]	[]	[]	[]	6a6ac6c5-1b8a-48db-91a2-f8661274ff80	0641bf3b-29ad-42c9-b3c7-ffb5a76f6954	False	La_Planète_Revisitée	Sabroux R.	WGS84	Pycnogonida	FR	[]	[]	EUROPE	France	EUROPE	http://coldb.mnhn.fr/catalognumber/mnhn/iu/2020-588	2020-588	MNHN	Passage de la Plantarella	CORSICABENTHOS 2/CD56	3762705772	IU	http://coldb.mnhn.fr/catalognumber/mnhn/iu/2020-588	10.15468/qgvvhd	2.0														
3762705779	da6a07ed-9eee-460d-9448-910f542c1a7b	2cd829bb-b713-433d-99cf-64bef11e5b3e	['17abcf75-2f1e-46dd-bf75-a5b21dd02655']	86c2834b-fcd6-418d-9b32-aca45110a0fe	2cd829bb-b713-433d-99cf-64bef11e5b3e	FR	EML	2024-07-24T12:23:52.237+00:00	2024-07-24T12:24:55.342+00:00	564	{'http://rs.tdwg.org/dwc/terms/Identification': [{'http://rs.tdwg.org/dwc/terms/namePublishedInYear': '1973', 'http://rs.tdwg.org/dwc/terms/order': 'Pantopoda', 'http://rs.tdwg.org/dwc/terms/higherClassification': 'Rhynchothorax;Rhynchothoracidae;Pantopoda;Arthropoda', 'http://rs.tdwg.org/dwc/terms/scientificNameAuthorship': 'Krapp, 1973', 'http://rs.tdwg.org/dwc/terms/class': 'Pycnogonida', 'http://rs.tdwg.org/dwc/terms/identificationID': 'INVMAR|516233', 'http://rs.tdwg.org/dwc/terms/family': 'Rhynchothoracidae', 'http://rs.tdwg.org/dwc/terms/genus': 'Rhynchothorax', 'http://rs.tdwg.org/dwc/terms/specificEpithet': 'alcicornis', 'http://rs.tdwg.org/dwc/terms/identificationVerificationStatus': '1', 'http://rs.tdwg.org/dwc/terms/taxonID': 'INVMAR|22581', 'http://rs.tdwg.org/dwc/terms/identifiedBy': 'Sabroux R.', 'http://rs.tdwg.org/dwc/terms/phylum': 'Arthropoda', 'http://rs.tdwg.org/dwc/terms/scientificName': 'Rhynchothorax alcicornis Krapp, 1973'}]}	PRESERVED_SPECIMEN	1.0	PRESENT	2117967	1	54	354	9477065	2015	2117960	2117967	2117967	Rhynchothorax alcicornis Krapp, 1973	Rhynchothorax alcicornis Krapp, 1973	Animalia	Arthropoda	Pantopoda	Rhynchothoracidae	Rhynchothorax	Rhynchothorax alcicornis	Rhynchothorax	alcicornis	SPECIES	ACCEPTED	NE	41.398967	9.27385	34.0	EUROPE	{}	2020.0	10.0	13.0	2020-10-13	287.0	287.0	['GEODETIC_DATUM_ASSUMED_WGS84', 'CONTINENT_DERIVED_FROM_COORDINATES', 'OCCURRENCE_STATUS_INFERRED_FROM_INDIVIDUAL_COUNT', 'INSTITUTION_MATCH_FUZZY']	2015-06-19T19:23:01.000+00:00	2024-07-24T12:24:55.342+00:00	http://creativecommons.org/licenses/by/4.0/legalcode	False	[{'identifier': 'http://coldb.mnhn.fr/catalognumber/mnhn/iu/2020-589'}]	[]	[]	[]	6a6ac6c5-1b8a-48db-91a2-f8661274ff80	0641bf3b-29ad-42c9-b3c7-ffb5a76f6954	False	La_Planète_Revisitée	Sabroux R.	WGS84	Pycnogonida	FR	[]	[]	EUROPE	France	EUROPE	http://coldb.mnhn.fr/catalognumber/mnhn/iu/2020-589	2020-589	MNHN	Passage de la Plantarella	CORSICABENTHOS 2/CD56	3762705779	IU	http://coldb.mnhn.fr/catalognumber/mnhn/iu/2020-589	10.15468/qgvvhd	2.0														
4007634648	da6a07ed-9eee-460d-9448-910f542c1a7b	2cd829bb-b713-433d-99cf-64bef11e5b3e	['17abcf75-2f1e-46dd-bf75-a5b21dd02655']	86c2834b-fcd6-418d-9b32-aca45110a0fe	2cd829bb-b713-433d-99cf-64bef11e5b3e	FR	EML	2024-07-24T12:23:52.237+00:00	2024-07-24T12:24:44.836+00:00	564	{'http://rs.tdwg.org/dwc/terms/Identification': [{'http://rs.tdwg.org/dwc/terms/namePublishedInYear': '1973', 'http://rs.tdwg.org/dwc/terms/order': 'Pantopoda', 'http://rs.tdwg.org/dwc/terms/higherClassification': 'Rhynchothorax;Rhynchothoracidae;Pantopoda;Arthropoda', 'http://rs.tdwg.org/dwc/terms/scientificNameAuthorship': 'Krapp, 1973', 'http://rs.tdwg.org/dwc/terms/class': 'Pycnogonida', 'http://rs.tdwg.org/dwc/terms/identificationID': 'INVMAR|565210', 'http://rs.tdwg.org/dwc/terms/family': 'Rhynchothoracidae', 'http://rs.tdwg.org/dwc/terms/genus': 'Rhynchothorax', 'http://rs.tdwg.org/dwc/terms/specificEpithet': 'alcicornis', 'http://rs.tdwg.org/dwc/terms/identificationVerificationStatus': '1', 'http://rs.tdwg.org/dwc/terms/taxonID': 'INVMAR|22581', 'http://rs.tdwg.org/dwc/terms/identifiedBy': 'Sabroux R.', 'http://rs.tdwg.org/dwc/terms/phylum': 'Arthropoda', 'http://rs.tdwg.org/dwc/terms/scientificName': 'Rhynchothorax alcicornis Krapp, 1973'}]}	PRESERVED_SPECIMEN	1.0	PRESENT	2117967	1	54	354	9477065	2015	2117960	2117967	2117967	Rhynchothorax alcicornis Krapp, 1973	Rhynchothorax alcicornis Krapp, 1973	Animalia	Arthropoda	Pantopoda	Rhynchothoracidae	Rhynchothorax	Rhynchothorax alcicornis	Rhynchothorax	alcicornis	SPECIES	ACCEPTED	NE	43.0281	9.40675	21.0	EUROPE	{}	2019.0	5.0	16.0	2019-05-16	136.0	136.0	['GEODETIC_DATUM_ASSUMED_WGS84', 'CONTINENT_DERIVED_FROM_COORDINATES', 'OCCURRENCE_STATUS_INFERRED_FROM_INDIVIDUAL_COUNT', 'INSTITUTION_MATCH_FUZZY']	2015-06-19T19:23:01.000+00:00	2024-07-24T12:24:44.836+00:00	http://creativecommons.org/licenses/by/4.0/legalcode	False	[{'identifier': 'http://coldb.mnhn.fr/catalognumber/mnhn/iu/2019-933'}]	[]	[]	[]	6a6ac6c5-1b8a-48db-91a2-f8661274ff80	0641bf3b-29ad-42c9-b3c7-ffb5a76f6954	False	La_Planète_Revisitée	Sabroux R.	WGS84	Pycnogonida	FR	[]	[]	EUROPE	France	EUROPE	http://coldb.mnhn.fr/catalognumber/mnhn/iu/2019-933	2019-933	MNHN	Parc naturel marin du cap Corse et de l'Agriate	CORSICABENTHOS 1/CS21	4007634648	IU	http://coldb.mnhn.fr/catalognumber/mnhn/iu/2019-933	10.15468/qgvvhd		Sec de Giraglia													
4007634645	da6a07ed-9eee-460d-9448-910f542c1a7b	2cd829bb-b713-433d-99cf-64bef11e5b3e	['17abcf75-2f1e-46dd-bf75-a5b21dd02655']	86c2834b-fcd6-418d-9b32-aca45110a0fe	2cd829bb-b713-433d-99cf-64bef11e5b3e	FR	EML	2024-07-24T12:23:52.237+00:00	2024-07-24T12:24:44.835+00:00	564	{'http://rs.tdwg.org/dwc/terms/Identification': [{'http://rs.tdwg.org/dwc/terms/namePublishedInYear': '1973', 'http://rs.tdwg.org/dwc/terms/order': 'Pantopoda', 'http://rs.tdwg.org/dwc/terms/higherClassification': 'Rhynchothorax;Rhynchothoracidae;Pantopoda;Arthropoda', 'http://rs.tdwg.org/dwc/terms/scientificNameAuthorship': 'Krapp, 1973', 'http://rs.tdwg.org/dwc/terms/class': 'Pycnogonida', 'http://rs.tdwg.org/dwc/terms/identificationID': 'INVMAR|565211', 'http://rs.tdwg.org/dwc/terms/family': 'Rhynchothoracidae', 'http://rs.tdwg.org/dwc/terms/genus': 'Rhynchothorax', 'http://rs.tdwg.org/dwc/terms/specificEpithet': 'alcicornis', 'http://rs.tdwg.org/dwc/terms/identificationVerificationStatus': '1', 'http://rs.tdwg.org/dwc/terms/taxonID': 'INVMAR|22581', 'http://rs.tdwg.org/dwc/terms/identifiedBy': 'Sabroux R.', 'http://rs.tdwg.org/dwc/terms/phylum': 'Arthropoda', 'http://rs.tdwg.org/dwc/terms/scientificName': 'Rhynchothorax alcicornis Krapp, 1973'}]}	PRESERVED_SPECIMEN	1.0	PRESENT	2117967	1	54	354	9477065	2015	2117960	2117967	2117967	Rhynchothorax alcicornis Krapp, 1973	Rhynchothorax alcicornis Krapp, 1973	Animalia	Arthropoda	Pantopoda	Rhynchothoracidae	Rhynchothorax	Rhynchothorax alcicornis	Rhynchothorax	alcicornis	SPECIES	ACCEPTED	NE	43.0281	9.40675	21.0	EUROPE	{}	2019.0	5.0	16.0	2019-05-16	136.0	136.0	['GEODETIC_DATUM_ASSUMED_WGS84', 'CONTINENT_DERIVED_FROM_COORDINATES', 'OCCURRENCE_STATUS_INFERRED_FROM_INDIVIDUAL_COUNT', 'INSTITUTION_MATCH_FUZZY']	2015-06-19T19:23:01.000+00:00	2024-07-24T12:24:44.835+00:00	http://creativecommons.org/licenses/by/4.0/legalcode	False	[{'identifier': 'http://coldb.mnhn.fr/catalognumber/mnhn/iu/2019-934'}]	[]	[]	[]	6a6ac6c5-1b8a-48db-91a2-f8661274ff80	0641bf3b-29ad-42c9-b3c7-ffb5a76f6954	False	La_Planète_Revisitée	Sabroux R.	WGS84	Pycnogonida	FR	[]	[]	EUROPE	France	EUROPE	http://coldb.mnhn.fr/catalognumber/mnhn/iu/2019-934	2019-934	MNHN	Parc naturel marin du cap Corse et de l'Agriate	CORSICABENTHOS 1/CS21	4007634645	IU	http://coldb.mnhn.fr/catalognumber/mnhn/iu/2019-934	10.15468/qgvvhd		Sec de Giraglia													
774192569	da6a07ed-9eee-460d-9448-910f542c1a7b	2cd829bb-b713-433d-99cf-64bef11e5b3e	['17abcf75-2f1e-46dd-bf75-a5b21dd02655']	86c2834b-fcd6-418d-9b32-aca45110a0fe	2cd829bb-b713-433d-99cf-64bef11e5b3e	FR	EML	2024-07-24T12:23:52.237+00:00	2024-07-24T12:24:37.634+00:00	564	{'http://rs.tdwg.org/dwc/terms/Identification': [{'http://rs.tdwg.org/dwc/terms/namePublishedInYear': '1973', 'http://rs.tdwg.org/dwc/terms/order': 'Pantopoda', 'http://rs.tdwg.org/dwc/terms/higherClassification': 'Rhynchothorax;Rhynchothoracidae;Pantopoda;Arthropoda', 'http://rs.tdwg.org/dwc/terms/scientificNameAuthorship': 'Krapp, 1973', 'http://rs.tdwg.org/dwc/terms/class': 'Pycnogonida', 'http://rs.tdwg.org/dwc/terms/identificationID': 'INVMAR|171675', 'http://rs.tdwg.org/dwc/terms/family': 'Rhynchothoracidae', 'http://rs.tdwg.org/dwc/terms/genus': 'Rhynchothorax', 'http://rs.tdwg.org/dwc/terms/specificEpithet': 'alcicornis', 'http://rs.tdwg.org/dwc/terms/identificationVerificationStatus': '1', 'http://rs.tdwg.org/dwc/terms/taxonID': 'INVMAR|22581', 'http://rs.tdwg.org/dwc/terms/identifiedBy': 'Arnaud F.', 'http://rs.tdwg.org/dwc/terms/phylum': 'Arthropoda', 'http://rs.tdwg.org/dwc/terms/scientificName': 'Rhynchothorax alcicornis Krapp, 1973'}]}	PRESERVED_SPECIMEN	2.0	PRESENT	2117967	1	54	354	9477065	2015	2117960	2117967	2117967	Rhynchothorax alcicornis Krapp, 1973	Rhynchothorax alcicornis Krapp, 1973	Animalia	Arthropoda	Pantopoda	Rhynchothoracidae	Rhynchothorax	Rhynchothorax alcicornis	Rhynchothorax	alcicornis	SPECIES	ACCEPTED	NE	38.566666	-28.541666	77.0	EUROPE	{}	1971.0	10.0	14.0	1971-10-14	287.0	287.0	['GEODETIC_DATUM_ASSUMED_WGS84', 'COUNTRY_INVALID', 'COUNTRY_DERIVED_FROM_COORDINATES', 'CONTINENT_DERIVED_FROM_COORDINATES', 'OCCURRENCE_STATUS_INFERRED_FROM_INDIVIDUAL_COUNT', 'INSTITUTION_MATCH_FUZZY']	2016-06-29T17:13:14.000+00:00	2024-07-24T12:24:37.634+00:00	http://creativecommons.org/licenses/by/4.0/legalcode	False	[{'identifier': 'http://coldb.mnhn.fr/catalognumber/mnhn/iu/2009-3149'}]	[]	[]	[]	6a6ac6c5-1b8a-48db-91a2-f8661274ff80	0641bf3b-29ad-42c9-b3c7-ffb5a76f6954	False	Boury-Esnault	Arnaud F.	WGS84	Pycnogonida	PT	[]	[]	EUROPE	Portugal	EUROPE	http://coldb.mnhn.fr/catalognumber/mnhn/iu/2009-3149	2009-3149	MNHN	Canal de Faial	BIACORES/DR61	774192569	IU	http://coldb.mnhn.fr/catalognumber/mnhn/iu/2009-3149	10.15468/qgvvhd															
2434362524	b4aad9c3-518b-4550-82de-c70a7ead1b64	396d5f30-dea9-11db-8ab4-b8a03c50a862	['17abcf75-2f1e-46dd-bf75-a5b21dd02655']	65eb93af-41b8-4917-a5fc-cfe2a45aa4bf	396d5f30-dea9-11db-8ab4-b8a03c50a862	NL	DWC_ARCHIVE	2024-07-23T00:32:26.361+00:00	2024-07-23T00:33:31.413+00:00	393	{'http://rs.tdwg.org/ac/terms/Multimedia': [{'http://rs.tdwg.org/ac/terms/accessURI': 'https://medialib.naturalis.nl/file/id/ZMA.PYC.P.1455/format/large', 'http://ns.adobe.com/xap/1.0/rights/Owner': 'Naturalis Biodiversity Center', 'http://rs.tdwg.org/ac/terms/caption': 'ZMA.PYC.P.1455_0', 'http://purl.org/dc/terms/format': 'image/jpeg', 'http://purl.org/dc/elements/1.1/type': 'StillImage', 'http://rs.tdwg.org/ac/terms/variant': 'ac:GoodQuality', 'http://purl.org/dc/terms/identifier': 'https://medialib.naturalis.nl/file/id/ZMA.PYC.P.1455/format/large', 'http://purl.org/dc/terms/rights': 'CC0 1.0'}]}	PRESERVED_SPECIMEN		PRESENT	2117967	1	54	354	9477065	2015	2117960	2117967	2117967	Rhynchothorax alcicornis Krapp, 1973	Rhynchothorax alcicornis Krapp, 1973	Animalia	Arthropoda	Pantopoda	Rhynchothoracidae	Rhynchothorax	Rhynchothorax alcicornis	Rhynchothorax	alcicornis	SPECIES	ACCEPTED	NE					{}	1969.0	7.0	1.0	1969-07-01	182.0	182.0	['COLLECTION_MATCH_NONE', 'INSTITUTION_MATCH_FUZZY']	2020-04-03T00:00:00.000+00:00	2024-07-23T00:33:31.413+00:00	http://creativecommons.org/publicdomain/zero/1.0/legalcode	False	[{'identifier': 'ZMA.PYC.P.1455@CRS'}]	[{'type': 'StillImage', 'format': 'image/jpeg', 'description': 'ZMA.PYC.P.1455_0', 'license': 'http://creativecommons.org/publicdomain/zero/1.0/', 'rightsHolder': 'Naturalis Biodiversity Center', 'identifier': 'https://medialib.naturalis.nl/file/id/ZMA.PYC.P.1455/format/large'}]	[]	[]	0e919a55-08d3-4bd2-aec1-200858fafd92		True				Pycnogonida		[]	[]			EUROPE	ZMA.PYC.P.1455@CRS	ZMA.PYC.P.1455		Punta San Pancrazio		2434362524	Chelicerata and Myriapoda	https://data.biodiversitydata.nl/naturalis/specimen/ZMA.PYC.P.1455				Ischia	HOLOTYPE	WholeOrganism (microscopic slide)	Naturalis Biodiversity Center	ICZN	Naturalis Biodiversity Center	1.7.1969	Animalia					
2434400926	b4aad9c3-518b-4550-82de-c70a7ead1b64	396d5f30-dea9-11db-8ab4-b8a03c50a862	['17abcf75-2f1e-46dd-bf75-a5b21dd02655']	65eb93af-41b8-4917-a5fc-cfe2a45aa4bf	396d5f30-dea9-11db-8ab4-b8a03c50a862	NL	DWC_ARCHIVE	2024-07-23T00:32:26.361+00:00	2024-07-23T00:33:33.738+00:00	393	{'http://rs.tdwg.org/ac/terms/Multimedia': [{'http://rs.tdwg.org/ac/terms/accessURI': 'https://medialib.naturalis.nl/file/id/ZMA.PYC.P.1456/format/large', 'http://ns.adobe.com/xap/1.0/rights/Owner': 'Naturalis Biodiversity Center', 'http://rs.tdwg.org/ac/terms/caption': 'ZMA.PYC.P.1456_0', 'http://purl.org/dc/terms/format': 'image/jpeg', 'http://purl.org/dc/elements/1.1/type': 'StillImage', 'http://rs.tdwg.org/ac/terms/variant': 'ac:GoodQuality', 'http://purl.org/dc/terms/identifier': 'https://medialib.naturalis.nl/file/id/ZMA.PYC.P.1456/format/large', 'http://purl.org/dc/terms/rights': 'CC0 1.0'}]}	PRESERVED_SPECIMEN		PRESENT	2117967	1	54	354	9477065	2015	2117960	2117967	2117967	Rhynchothorax alcicornis Krapp, 1973	Rhynchothorax alcicornis Krapp, 1973	Animalia	Arthropoda	Pantopoda	Rhynchothoracidae	Rhynchothorax	Rhynchothorax alcicornis	Rhynchothorax	alcicornis	SPECIES	ACCEPTED	NE					{}	1969.0	7.0	1.0	1969-07-01	182.0	182.0	['COLLECTION_MATCH_NONE', 'INSTITUTION_MATCH_FUZZY']	2020-04-03T00:00:00.000+00:00	2024-07-23T00:33:33.738+00:00	http://creativecommons.org/publicdomain/zero/1.0/legalcode	False	[{'identifier': 'ZMA.PYC.P.1456@CRS'}]	[{'type': 'StillImage', 'format': 'image/jpeg', 'description': 'ZMA.PYC.P.1456_0', 'license': 'http://creativecommons.org/publicdomain/zero/1.0/', 'rightsHolder': 'Naturalis Biodiversity Center', 'identifier': 'https://medialib.naturalis.nl/file/id/ZMA.PYC.P.1456/format/large'}]	[]	[]	0e919a55-08d3-4bd2-aec1-200858fafd92		True				Pycnogonida		[]	[]			EUROPE	ZMA.PYC.P.1456@CRS	ZMA.PYC.P.1456		Punta San Pancrazio		2434400926	Chelicerata and Myriapoda	https://data.biodiversitydata.nl/naturalis/specimen/ZMA.PYC.P.1456					HOLOTYPE	WholeOrganism (microscopic slide)	Naturalis Biodiversity Center	ICZN	Naturalis Biodiversity Center	1.7.1969	Animalia					
2434400589	b4aad9c3-518b-4550-82de-c70a7ead1b64	396d5f30-dea9-11db-8ab4-b8a03c50a862	['17abcf75-2f1e-46dd-bf75-a5b21dd02655']	65eb93af-41b8-4917-a5fc-cfe2a45aa4bf	396d5f30-dea9-11db-8ab4-b8a03c50a862	NL	DWC_ARCHIVE	2024-07-23T00:32:26.361+00:00	2024-07-23T00:33:34.281+00:00	393	{'http://rs.tdwg.org/ac/terms/Multimedia': [{'http://rs.tdwg.org/ac/terms/accessURI': 'https://medialib.naturalis.nl/file/id/ZMA.PYC.P.1457/format/large', 'http://ns.adobe.com/xap/1.0/rights/Owner': 'Naturalis Biodiversity Center', 'http://rs.tdwg.org/ac/terms/caption': 'ZMA.PYC.P.1457_0', 'http://purl.org/dc/terms/format': 'image/jpeg', 'http://purl.org/dc/elements/1.1/type': 'StillImage', 'http://rs.tdwg.org/ac/terms/variant': 'ac:GoodQuality', 'http://purl.org/dc/terms/identifier': 'https://medialib.naturalis.nl/file/id/ZMA.PYC.P.1457/format/large', 'http://purl.org/dc/terms/rights': 'CC0 1.0'}]}	PRESERVED_SPECIMEN		PRESENT	2117967	1	54	354	9477065	2015	2117960	2117967	2117967	Rhynchothorax alcicornis Krapp, 1973	Rhynchothorax alcicornis Krapp, 1973	Animalia	Arthropoda	Pantopoda	Rhynchothoracidae	Rhynchothorax	Rhynchothorax alcicornis	Rhynchothorax	alcicornis	SPECIES	ACCEPTED	NE					{}	1969.0	7.0	1.0	1969-07-01	182.0	182.0	['COLLECTION_MATCH_NONE', 'INSTITUTION_MATCH_FUZZY']	2020-04-03T00:00:00.000+00:00	2024-07-23T00:33:34.281+00:00	http://creativecommons.org/publicdomain/zero/1.0/legalcode	False	[{'identifier': 'ZMA.PYC.P.1457@CRS'}]	[{'type': 'StillImage', 'format': 'image/jpeg', 'description': 'ZMA.PYC.P.1457_0', 'license': 'http://creativecommons.org/publicdomain/zero/1.0/', 'rightsHolder': 'Naturalis Biodiversity Center', 'identifier': 'https://medialib.naturalis.nl/file/id/ZMA.PYC.P.1457/format/large'}]	[]	[]	0e919a55-08d3-4bd2-aec1-200858fafd92		False				Pycnogonida		[]	[]			EUROPE	ZMA.PYC.P.1457@CRS	ZMA.PYC.P.1457		Punta San Pancrazio		2434400589	Chelicerata and Myriapoda	https://data.biodiversitydata.nl/naturalis/specimen/ZMA.PYC.P.1457						WholeOrganism (microscopic slide)	Naturalis Biodiversity Center	ICZN	Naturalis Biodiversity Center	1.7.1969	Animalia	MALE				
774192567	da6a07ed-9eee-460d-9448-910f542c1a7b	2cd829bb-b713-433d-99cf-64bef11e5b3e	['17abcf75-2f1e-46dd-bf75-a5b21dd02655']	86c2834b-fcd6-418d-9b32-aca45110a0fe	2cd829bb-b713-433d-99cf-64bef11e5b3e	FR	EML	2024-07-24T12:23:52.237+00:00	2024-07-24T12:24:37.635+00:00	564	{'http://rs.tdwg.org/dwc/terms/Identification': [{'http://rs.tdwg.org/dwc/terms/namePublishedInYear': '1973', 'http://rs.tdwg.org/dwc/terms/order': 'Pantopoda', 'http://rs.tdwg.org/dwc/terms/higherClassification': 'Rhynchothorax;Rhynchothoracidae;Pantopoda;Arthropoda', 'http://rs.tdwg.org/dwc/terms/scientificNameAuthorship': 'Krapp, 1973', 'http://rs.tdwg.org/dwc/terms/class': 'Pycnogonida', 'http://rs.tdwg.org/dwc/terms/identificationID': 'INVMAR|171673', 'http://rs.tdwg.org/dwc/terms/family': 'Rhynchothoracidae', 'http://rs.tdwg.org/dwc/terms/genus': 'Rhynchothorax', 'http://rs.tdwg.org/dwc/terms/specificEpithet': 'alcicornis', 'http://rs.tdwg.org/dwc/terms/identificationVerificationStatus': '1', 'http://rs.tdwg.org/dwc/terms/taxonID': 'INVMAR|22581', 'http://rs.tdwg.org/dwc/terms/identifiedBy': 'Arnaud F.', 'http://rs.tdwg.org/dwc/terms/phylum': 'Arthropoda', 'http://rs.tdwg.org/dwc/terms/scientificName': 'Rhynchothorax alcicornis Krapp, 1973'}]}	PRESERVED_SPECIMEN	2.0	PRESENT	2117967	1	54	354	9477065	2015	2117960	2117967	2117967	Rhynchothorax alcicornis Krapp, 1973	Rhynchothorax alcicornis Krapp, 1973	Animalia	Arthropoda	Pantopoda	Rhynchothoracidae	Rhynchothorax	Rhynchothorax alcicornis	Rhynchothorax	alcicornis	SPECIES	ACCEPTED	NE					{}							['OCCURRENCE_STATUS_INFERRED_FROM_INDIVIDUAL_COUNT', 'INSTITUTION_MATCH_FUZZY']	2016-06-29T17:13:02.000+00:00	2024-07-24T12:24:37.635+00:00	http://creativecommons.org/licenses/by/4.0/legalcode	False	[{'identifier': 'http://coldb.mnhn.fr/catalognumber/mnhn/iu/2009-3147'}]	[]	[]	[]	6a6ac6c5-1b8a-48db-91a2-f8661274ff80	0641bf3b-29ad-42c9-b3c7-ffb5a76f6954	False		Arnaud F.		Pycnogonida		[]	[]			EUROPE	http://coldb.mnhn.fr/catalognumber/mnhn/iu/2009-3147	2009-3147	MNHN			774192567	IU	http://coldb.mnhn.fr/catalognumber/mnhn/iu/2009-3147	10.15468/qgvvhd															
774192568	da6a07ed-9eee-460d-9448-910f542c1a7b	2cd829bb-b713-433d-99cf-64bef11e5b3e	['17abcf75-2f1e-46dd-bf75-a5b21dd02655']	86c2834b-fcd6-418d-9b32-aca45110a0fe	2cd829bb-b713-433d-99cf-64bef11e5b3e	FR	EML	2024-07-24T12:23:52.237+00:00	2024-07-24T12:24:37.634+00:00	564	{'http://rs.tdwg.org/dwc/terms/Identification': [{'http://rs.tdwg.org/dwc/terms/namePublishedInYear': '1973', 'http://rs.tdwg.org/dwc/terms/order': 'Pantopoda', 'http://rs.tdwg.org/dwc/terms/higherClassification': 'Rhynchothorax;Rhynchothoracidae;Pantopoda;Arthropoda', 'http://rs.tdwg.org/dwc/terms/scientificNameAuthorship': 'Krapp, 1973', 'http://rs.tdwg.org/dwc/terms/class': 'Pycnogonida', 'http://rs.tdwg.org/dwc/terms/identificationID': 'INVMAR|171674', 'http://rs.tdwg.org/dwc/terms/family': 'Rhynchothoracidae', 'http://rs.tdwg.org/dwc/terms/genus': 'Rhynchothorax', 'http://rs.tdwg.org/dwc/terms/specificEpithet': 'alcicornis', 'http://rs.tdwg.org/dwc/terms/identificationVerificationStatus': '1', 'http://rs.tdwg.org/dwc/terms/taxonID': 'INVMAR|22581', 'http://rs.tdwg.org/dwc/terms/identifiedBy': 'Arnaud F.', 'http://rs.tdwg.org/dwc/terms/phylum': 'Arthropoda', 'http://rs.tdwg.org/dwc/terms/scientificName': 'Rhynchothorax alcicornis Krapp, 1973'}]}	PRESERVED_SPECIMEN	1.0	PRESENT	2117967	1	54	354	9477065	2015	2117960	2117967	2117967	Rhynchothorax alcicornis Krapp, 1973	Rhynchothorax alcicornis Krapp, 1973	Animalia	Arthropoda	Pantopoda	Rhynchothoracidae	Rhynchothorax	Rhynchothorax alcicornis	Rhynchothorax	alcicornis	SPECIES	ACCEPTED	NE					{}							['OCCURRENCE_STATUS_INFERRED_FROM_INDIVIDUAL_COUNT', 'INSTITUTION_MATCH_FUZZY']	2016-06-29T17:13:14.000+00:00	2024-07-24T12:24:37.634+00:00	http://creativecommons.org/licenses/by/4.0/legalcode	False	[{'identifier': 'http://coldb.mnhn.fr/catalognumber/mnhn/iu/2009-3148'}]	[]	[]	[]	6a6ac6c5-1b8a-48db-91a2-f8661274ff80	0641bf3b-29ad-42c9-b3c7-ffb5a76f6954	False		Arnaud F.		Pycnogonida		[]	[]			EUROPE	http://coldb.mnhn.fr/catalognumber/mnhn/iu/2009-3148	2009-3148	MNHN			774192568	IU	http://coldb.mnhn.fr/catalognumber/mnhn/iu/2009-3148	10.15468/qgvvhd															
790017824	da6a07ed-9eee-460d-9448-910f542c1a7b	2cd829bb-b713-433d-99cf-64bef11e5b3e	['17abcf75-2f1e-46dd-bf75-a5b21dd02655']	86c2834b-fcd6-418d-9b32-aca45110a0fe	2cd829bb-b713-433d-99cf-64bef11e5b3e	FR	EML	2024-07-24T12:23:52.237+00:00	2024-07-24T12:24:38.709+00:00	564	{'http://rs.tdwg.org/dwc/terms/Identification': [{'http://rs.tdwg.org/dwc/terms/namePublishedInYear': '1973', 'http://rs.tdwg.org/dwc/terms/order': 'Pantopoda', 'http://rs.tdwg.org/dwc/terms/higherClassification': 'Rhynchothorax;Rhynchothoracidae;Pantopoda;Arthropoda', 'http://rs.tdwg.org/dwc/terms/scientificNameAuthorship': 'Krapp, 1973', 'http://rs.tdwg.org/dwc/terms/class': 'Pycnogonida', 'http://rs.tdwg.org/dwc/terms/identificationID': 'INVMAR|184648', 'http://rs.tdwg.org/dwc/terms/family': 'Rhynchothoracidae', 'http://rs.tdwg.org/dwc/terms/genus': 'Rhynchothorax', 'http://rs.tdwg.org/dwc/terms/specificEpithet': 'alcicornis', 'http://rs.tdwg.org/dwc/terms/identificationVerificationStatus': '1', 'http://rs.tdwg.org/dwc/terms/taxonID': 'INVMAR|22581', 'http://rs.tdwg.org/dwc/terms/identifiedBy': 'Arnaud F.', 'http://rs.tdwg.org/dwc/terms/phylum': 'Arthropoda', 'http://rs.tdwg.org/dwc/terms/scientificName': 'Rhynchothorax alcicornis Krapp, 1973'}]}	PRESERVED_SPECIMEN	1.0	PRESENT	2117967	1	54	354	9477065	2015	2117960	2117967	2117967	Rhynchothorax alcicornis Krapp, 1973	Rhynchothorax alcicornis Krapp, 1973	Animalia	Arthropoda	Pantopoda	Rhynchothoracidae	Rhynchothorax	Rhynchothorax alcicornis	Rhynchothorax	alcicornis	SPECIES	ACCEPTED	NE					{}							['OCCURRENCE_STATUS_INFERRED_FROM_INDIVIDUAL_COUNT', 'INSTITUTION_MATCH_FUZZY']	2015-08-25T12:39:13.000+00:00	2024-07-24T12:24:38.709+00:00	http://creativecommons.org/licenses/by/4.0/legalcode	False	[{'identifier': 'http://coldb.mnhn.fr/catalognumber/mnhn/iu/2009-3545'}]	[]	[]	[]	6a6ac6c5-1b8a-48db-91a2-f8661274ff80	0641bf3b-29ad-42c9-b3c7-ffb5a76f6954	False		Arnaud F.		Pycnogonida		[]	[]			EUROPE	http://coldb.mnhn.fr/catalognumber/mnhn/iu/2009-3545	2009-3545	MNHN			790017824	IU	http://coldb.mnhn.fr/catalognumber/mnhn/iu/2009-3545	10.15468/qgvvhd															
790017825	da6a07ed-9eee-460d-9448-910f542c1a7b	2cd829bb-b713-433d-99cf-64bef11e5b3e	['17abcf75-2f1e-46dd-bf75-a5b21dd02655']	86c2834b-fcd6-418d-9b32-aca45110a0fe	2cd829bb-b713-433d-99cf-64bef11e5b3e	FR	EML	2024-07-24T12:23:52.237+00:00	2024-07-24T12:24:38.705+00:00	564	{'http://rs.tdwg.org/dwc/terms/Identification': [{'http://rs.tdwg.org/dwc/terms/namePublishedInYear': '1973', 'http://rs.tdwg.org/dwc/terms/order': 'Pantopoda', 'http://rs.tdwg.org/dwc/terms/higherClassification': 'Rhynchothorax;Rhynchothoracidae;Pantopoda;Arthropoda', 'http://rs.tdwg.org/dwc/terms/scientificNameAuthorship': 'Krapp, 1973', 'http://rs.tdwg.org/dwc/terms/class': 'Pycnogonida', 'http://rs.tdwg.org/dwc/terms/identificationID': 'INVMAR|184651', 'http://rs.tdwg.org/dwc/terms/family': 'Rhynchothoracidae', 'http://rs.tdwg.org/dwc/terms/genus': 'Rhynchothorax', 'http://rs.tdwg.org/dwc/terms/specificEpithet': 'alcicornis', 'http://rs.tdwg.org/dwc/terms/identificationVerificationStatus': '1', 'http://rs.tdwg.org/dwc/terms/taxonID': 'INVMAR|22581', 'http://rs.tdwg.org/dwc/terms/identifiedBy': 'Arnaud F.', 'http://rs.tdwg.org/dwc/terms/phylum': 'Arthropoda', 'http://rs.tdwg.org/dwc/terms/scientificName': 'Rhynchothorax alcicornis Krapp, 1973'}]}	PRESERVED_SPECIMEN	2.0	PRESENT	2117967	1	54	354	9477065	2015	2117960	2117967	2117967	Rhynchothorax alcicornis Krapp, 1973	Rhynchothorax alcicornis Krapp, 1973	Animalia	Arthropoda	Pantopoda	Rhynchothoracidae	Rhynchothorax	Rhynchothorax alcicornis	Rhynchothorax	alcicornis	SPECIES	ACCEPTED	NE					{}							['OCCURRENCE_STATUS_INFERRED_FROM_INDIVIDUAL_COUNT', 'INSTITUTION_MATCH_FUZZY']	2015-06-19T19:23:01.000+00:00	2024-07-24T12:24:38.705+00:00	http://creativecommons.org/licenses/by/4.0/legalcode	False	[{'identifier': 'http://coldb.mnhn.fr/catalognumber/mnhn/iu/2009-3546'}]	[]	[]	[]	6a6ac6c5-1b8a-48db-91a2-f8661274ff80	0641bf3b-29ad-42c9-b3c7-ffb5a76f6954	False		Arnaud F.		Pycnogonida		[]	[]			EUROPE	http://coldb.mnhn.fr/catalognumber/mnhn/iu/2009-3546	2009-3546	MNHN			790017825	IU	http://coldb.mnhn.fr/catalognumber/mnhn/iu/2009-3546	10.15468/qgvvhd															
4055757379	2f7c33b3-ea7a-40ac-a3b7-bace96f978f7	2089ce96-4fb5-4a20-999c-3ccf45a27a4d	['2b7c7b4f-4d4f-40d3-94de-c28b6fa054a6']	f9df6cff-21d4-4d4b-8da4-eda454f5a086	2089ce96-4fb5-4a20-999c-3ccf45a27a4d	BE	EML	2024-07-02T17:06:09.698+00:00	2024-07-02T17:10:18.288+00:00	81	{}	PRESERVED_SPECIMEN		PRESENT	2117967	1	54	354	9477065	2015	2117960	2117967	2117967	Rhynchothorax alcicornis Krapp, 1973	Rhynchothorax alcicornis Krapp, 1973	Animalia	Arthropoda	Pantopoda	Rhynchothoracidae	Rhynchothorax	Rhynchothorax alcicornis	Rhynchothorax	alcicornis	SPECIES	ACCEPTED	NE	40.69	13.9	12.0	EUROPE	{}							['GEODETIC_DATUM_ASSUMED_WGS84', 'COUNTRY_DERIVED_FROM_COORDINATES', 'CONTINENT_DERIVED_FROM_COORDINATES', 'INSTITUTION_MATCH_NONE']	2007-06-20T15:52:33.000+00:00	2024-07-02T17:10:18.288+00:00	http://creativecommons.org/licenses/by/4.0/legalcode	False	[{'identifier': 'WoRMS Editorial Board:WoRMS type localities:sm_id_2258'}]	[]	[]	[]			True			WGS84	Pycnogonida	IT	[]	[]	EUROPE	Italy	EUROPE	WoRMS Editorial Board:WoRMS type localities:sm_id_2258	sm_id_2258	WoRMS Editorial Board	Tyrrhenian Sea		4055757379	WoRMS type localities	WoRMS Editorial Board:WoRMS type localities:sm_id_2258					HOLOTYPE								http://www.marinespecies.org/aphia.php?p=specdetails&id=2258	https://marineinfo.org/id/dataset/5184	urn:lsid:marinespecies.org:taxname:134748	Bamber, R.N.; El Nagar, A.; Arango, C.P. (Eds) (2024). Pycnobase: World Pycnogonida Database. <i>Rhynchothorax alcicornis</i> Krapp, 1973. Accessed through: World Register of Marine Species at: https://www.marinespecies.org/aphia.php?p=taxdetails&id=134748
